id,entry_folio,inventory_id,catalog_id,part_number,quantity,available_quantity,is_fifo_layer_only,previous_quantity,new_quantity,product_model,description,customer,zone_code,location_code,reference_code,batch_no,notes,registered_by,movement_at,created_at
534,EMB-ENT-20260504-151328-971,262,262,EAD00576604,240,240,0,701,941,pending,pending,LG,pending,SIN-UBICACION,EAD00576604,,QR: EAD00576604 | Qty registrada: 240,Sergio Torres,2026-05-04 09:13:24,2026-05-04 15:13:28
535,EMB-ENT-20260504-152500-481,402,402,EBR23966207,120,120,0,-121,-1,VF1_Better_X,NULL,LG,pending,SIN-UBICACION,EBR23966207,,QR: EBR23966207 | Qty registrada: 120,Sergio Torres,2026-05-04 09:24:57,2026-05-04 15:25:00
536,EMB-ENT-20260504-155801-474,262,262,EAD00576604,90,90,0,791,881,pending,pending,LG,pending,SIN-UBICACION,EAD00576604,,QR: EAD00576604 | Qty registrada: 90,Sergio Torres,2026-05-04 09:57:58,2026-05-04 15:58:01
539,EMB-ENT-20260504-170842-448,402,402,EBR23966207,300,199,0,-101,199,VF1_Better_X,NULL,LG,pending,SIN-UBICACION,EBR23966207,,QR: EBR23966207 | Qty registrada: 300,Braulio Meza,2026-05-04 11:08:40,2026-05-04 17:08:42
540,EMB-ENT-20260504-171241-811,3,3,EBR82230426,360,360,0,-48,312,OMEGA 7,PCB,LG,pending,SIN-UBICACION,EBR82230426,,QR: EBR82230426 | Qty registrada: 360,Sergio Torres,2026-05-04 11:12:38,2026-05-04 17:12:41
542,EMB-ENT-20260504-175859-350,570,570,ACQ91482496,120,120,0,-462,-342,pending,pending,LG,pending,SIN-UBICACION,ACQ91482496,,QR: ACQ91482496 | Qty registrada: 120,Sergio Torres,2026-05-04 11:58:56,2026-05-04 17:58:59
543,EMB-ENT-20260504-175916-873,364,364,EBR43713605,3,3,0,134,137,MM Cancun Best Gas Slide in LSGL5847X,PCB,LG,pending,SIN-UBICACION,EBR43713605,,QR: EBR43713605 | Qty registrada: 3,Sergio Torres,2026-05-04 11:59:13,2026-05-04 17:59:16
544,EMB-ENT-20260504-175925-514,74,74,EBR37437078,10,10,0,-608,-598,24 VS4M L CRAFT DUAL I/MAKER AMERICA,PCB,LG,pending,SIN-UBICACION,EBR37437078,,QR: EBR37437078 | Qty registrada: 10,Sergio Torres,2026-05-04 11:59:23,2026-05-04 17:59:25
545,EMB-ENT-20260504-175935-913,365,365,EBR43713606,34,34,0,96,130,MM Cancun Better Gas Slide in LSGL5845X,PCB,LG,pending,SIN-UBICACION,EBR43713606,,QR: EBR43713606 | Qty registrada: 34,Sergio Torres,2026-05-04 11:59:32,2026-05-04 17:59:35
546,EMB-ENT-20260504-180000-476,392,392,EBR24212306,180,180,0,1949,2129,MM Nova Basic Gas,NULL,LG,pending,SIN-UBICACION,EBR24212306,,QR: EBR24212306 | Qty registrada: 180,Sergio Torres,2026-05-04 11:59:57,2026-05-04 18:00:00
547,EMB-ENT-20260504-180013-175,391,391,EBR24212304,98,98,0,1802,1900,NOVA,PCB,LG,pending,SIN-UBICACION,EBR24212304,,QR: EBR24212304 | Qty registrada: 98,Sergio Torres,2026-05-04 12:00:10,2026-05-04 18:00:13
548,EMB-ENT-20260504-180104-771,16,16,EBR30299361,80,80,0,4,84,QUANTUM-B,PCB,LG,pending,SIN-UBICACION,EBR30299361,,QR: EBR30299361 | Qty registrada: 80,Sergio Torres,2026-05-04 12:01:01,2026-05-04 18:01:04
549,EMB-ENT-20260504-180125-501,19,19,EBR30299364,24,24,0,0,24,RAPTOR,PCB,LG,pending,SIN-UBICACION,EBR30299364,,QR: EBR30299364 | Qty registrada: 24,Sergio Torres,2026-05-04 12:01:21,2026-05-04 18:01:25
550,EMB-ENT-20260504-180134-641,146,146,EBR83845046,34,34,0,-70,-36,MAJESTY,PCB,LG,pending,SIN-UBICACION,EBR83845046,,QR: EBR83845046 | Qty registrada: 34,Sergio Torres,2026-05-04 12:01:31,2026-05-04 18:01:34
551,EMB-ENT-20260504-180157-553,145,145,EBR83845044,100,100,0,47,147,MAJESTY,PCB,LG,pending,SIN-UBICACION,EBR83845044,,QR: EBR83845044 | Qty registrada: 100,Sergio Torres,2026-05-04 12:01:53,2026-05-04 18:01:57
552,EMB-ENT-20260504-180216-263,99,99,EBR87463760,60,60,0,-528,-468,Majesty1,PCB MAIN,LG,pending,SIN-UBICACION,EBR87463760,,QR: EBR87463760 | Qty registrada: 60,Sergio Torres,2026-05-04 12:02:13,2026-05-04 18:02:17
553,EMB-ENT-20260504-180306-666,16,16,EBR30299361,80,80,0,84,164,QUANTUM-B,PCB,LG,pending,SIN-UBICACION,EBR30299361,,QR: EBR30299361 | Qty registrada: 80,Sergio Torres,2026-05-04 12:03:02,2026-05-04 18:03:06
554,EMB-ENT-20260504-180403-834,98,98,EBR87463759,40,40,0,-340,-300,Majesty1 3D IW Craft,PCB MAIN,LG,pending,SIN-UBICACION,EBR87463759,,QR: EBR87463759 | Qty registrada: 40,Sergio Torres,2026-05-04 12:04:00,2026-05-04 18:04:03
555,EMB-ENT-20260504-180426-174,18,18,EBR30299363,2,2,0,-507,-505,RAPTOR,PCB,LG,pending,SIN-UBICACION,EBR30299363,,QR: EBR30299363 | Qty registrada: 2,Sergio Torres,2026-05-04 12:04:23,2026-05-04 18:04:26
556,EMB-ENT-20260504-180502-493,109,109,EBR86093798,20,20,0,14,34,Majesty1 L Single DI Colombia 115V,NULL,LG,pending,SIN-UBICACION,EBR86093798,,QR: EBR86093798 | Qty registrada: 20,Sergio Torres,2026-05-04 12:04:59,2026-05-04 18:05:02
557,EMB-ENT-20260504-180531-498,99,99,EBR87463760,14,14,0,-468,-454,Majesty1,PCB MAIN,LG,pending,SIN-UBICACION,EBR87463760,,QR: EBR87463760 | Qty registrada: 14,Sergio Torres,2026-05-04 12:05:27,2026-05-04 18:05:31
558,EMB-ENT-20260504-191230-609,272,272,EAD00576610,150,150,0,2835,2985,pending,pending,LG,pending,SIN-UBICACION,EAD00576610,,QR: EAD00576610 | Qty registrada: 150,Sergio Torres,2026-05-04 13:12:27,2026-05-04 19:12:30
559,EMB-ENT-20260504-191245-596,272,272,EAD00576610,160,160,0,2985,3145,pending,pending,LG,pending,SIN-UBICACION,EAD00576610,,QR: EAD00576610 | Qty registrada: 160,Sergio Torres,2026-05-04 13:12:42,2026-05-04 19:12:45
560,EMB-ENT-20260504-195401-905,388,388,EBR24212302,5,4,0,760,765,NOVA,PCB,LG,pending,SIN-UBICACION,EBR24212302,,QR: EBR24212302 | Qty registrada: 5,Sergio Torres,2026-05-04 13:53:58,2026-05-04 19:54:01
562,EMB-ENT-20260504-201631-854,84,84,EBR80757421,120,120,0,-1076,-956,QUANTUM-T,PCB,LG,pending,SIN-UBICACION,EBR80757421,,QR: EBR80757421 | Qty registrada: 120,Braulio Meza,2026-05-04 14:16:29,2026-05-04 20:16:31
563,EMB-ENT-20260504-204752-420,84,84,EBR80757421,100,100,0,-1076,-976,QUANTUM-T,PCB,LG,pending,SIN-UBICACION,EBR80757421,,QR: EBR80757421 | Qty registrada: 100,Braulio Meza,2026-05-04 14:47:49,2026-05-04 20:47:52
564,EMB-ENT-20260504-210104-179,243,243,EAD65948153,60,14,0,14,74,pending,pending,LG,pending,SIN-UBICACION,EAD65948153,,QR: EAD65948153 | Qty registrada: 60,Sergio Torres,2026-05-04 15:01:01,2026-05-04 21:01:04
565,EMB-ENT-20260504-213834-845,84,84,EBR80757421,240,240,0,-1076,-836,QUANTUM-T,PCB,LG,pending,SIN-UBICACION,EBR80757421,,QR: EBR80757421 | Qty registrada: 240,Braulio Meza,2026-05-04 15:38:32,2026-05-04 21:38:34
566,EMB-ENT-20260504-213940-856,406,406,EBR23966211,360,360,0,-1119,-759,VF3_W_USA,NULL,LG,pending,SIN-UBICACION,EBR23966211,,QR: EBR23966211 | Qty registrada: 360,Sergio Torres,2026-05-04 15:39:37,2026-05-04 21:39:40
567,EMB-ENT-20260504-215359-501,317,317,ACQ30372826,240,240,0,-651,-411,VS,Display,LG,pending,SIN-UBICACION,ACQ30372826,,QR: ACQ30372826 | Qty registrada: 240,Sergio Torres,2026-05-04 15:53:57,2026-05-04 21:54:00
568,EMB-ENT-20260504-215834-535,340,340,ACQ30372869,10,10,0,19,29,pending,pending,LG,pending,SIN-UBICACION,ACQ30372869,,QR: ACQ30372869 | Qty registrada: 10,Sergio Torres,2026-05-04 15:58:30,2026-05-04 21:58:34
569,EMB-ENT-20260504-215921-512,330,330,ACQ30372840,3,3,0,-40,-37,VS,Display,LG,pending,SIN-UBICACION,ACQ30372840,,QR: ACQ30372840 | Qty registrada: 3,Sergio Torres,2026-05-04 15:59:17,2026-05-04 21:59:21
570,EMB-ENT-20260504-220142-945,319,319,ACQ30372828,19,19,0,57,76,VS,Display,LG,pending,SIN-UBICACION,ACQ30372828,,QR: ACQ30372828 | Qty registrada: 19,Sergio Torres,2026-05-04 16:01:39,2026-05-04 22:01:42
571,EMB-ENT-20260504-220303-720,329,329,ACQ30372839,80,80,0,-801,-721,VS,Display,LG,pending,SIN-UBICACION,ACQ30372839,,QR: ACQ30372839 | Qty registrada: 80,Sergio Torres,2026-05-04 16:03:00,2026-05-04 22:03:03
572,EMB-ENT-20260504-220437-565,336,336,ACQ30372853,45,45,0,320,365,RAPTOR,Display,LG,pending,SIN-UBICACION,ACQ30372853,,QR: ACQ30372853 | Qty registrada: 45,Sergio Torres,2026-05-04 16:04:34,2026-05-04 22:04:37
573,EMB-ENT-20260504-220514-202,328,328,ACQ30372837,27,27,0,0,27,VS,Display,LG,pending,SIN-UBICACION,ACQ30372837,,QR: ACQ30372837 | Qty registrada: 27,Sergio Torres,2026-05-04 16:05:11,2026-05-04 22:05:14
574,EMB-ENT-20260504-220608-281,347,347,ACQ30500847,42,42,0,-235,-193,pending,pending,LG,pending,SIN-UBICACION,ACQ30500847,,QR: ACQ30500847 | Qty registrada: 42,Sergio Torres,2026-05-04 16:06:05,2026-05-04 22:06:08
575,EMB-ENT-20260504-220728-902,84,84,EBR80757421,80,80,0,-836,-756,QUANTUM-T,PCB,LG,pending,SIN-UBICACION,EBR80757421,,QR: EBR80757421 | Qty registrada: 80,Sergio Torres,2026-05-04 16:07:25,2026-05-04 22:07:28
576,EMB-ENT-20260504-221211-438,392,392,EBR24212306,240,240,0,2129,2369,MM Nova Basic Gas,NULL,LG,pending,SIN-UBICACION,EBR24212306,,QR: EBR24212306 | Qty registrada: 240,Rubi Garcia,2026-05-04 16:12:08,2026-05-04 22:12:11
577,EMB-ENT-20260504-222237-671,392,392,EBR24212306,120,120,0,2369,2489,MM Nova Basic Gas,NULL,LG,pending,SIN-UBICACION,EBR24212306,,QR: EBR24212306 | Qty registrada: 120,Braulio Meza,2026-05-04 16:22:34,2026-05-04 22:22:37
578,EMB-ENT-20260504-223308-115,320,320,ACQ30372829,10,10,0,-110,-100,VS,Display,LG,pending,SIN-UBICACION,ACQ30372829,,QR: ACQ30372829 | Qty registrada: 10,Sergio Torres,2026-05-04 16:33:04,2026-05-04 22:33:08
579,EMB-ENT-20260504-231047-846,364,364,EBR43713605,40,6,0,35,75,MM Cancun Best Gas Slide in LSGL5847X,PCB,LG,pending,SIN-UBICACION,EBR43713605,,QR: EBR43713605 | Qty registrada: 40,Braulio Meza,2026-05-04 17:10:44,2026-05-04 23:10:47
580,EMB-ENT-20260504-232440-374,364,364,EBR43713605,37,37,0,35,72,MM Cancun Best Gas Slide in LSGL5847X,PCB,LG,pending,SIN-UBICACION,EBR43713605,,QR: EBR43713605 | Qty registrada: 37,Braulio Meza,2026-05-04 17:24:38,2026-05-04 23:24:40
581,EMB-ENT-20260504-232956-296,272,272,EAD00576610,356,356,0,3145,3501,pending,pending,LG,pending,SIN-UBICACION,EAD00576610,,QR: EAD00576610 | Qty registrada: 356,Sergio Torres,2026-05-04 17:29:53,2026-05-04 23:29:56
582,EMB-ENT-20260504-233328-584,236,236,EAD65948148,480,480,0,2733,3213,pending,pending,LG,pending,SIN-UBICACION,EAD65948148,,QR: EAD65948148 | Qty registrada: 480,Sergio Torres,2026-05-04 17:33:24,2026-05-04 23:33:28
584,EMB-LYR-20260504-174122-747,410,410,EBR23966221,118,118,1,0,118,VF1_Better_L_MN,NULL,LG,pending,,RETORNO:EMB-RET-20260504-174122-154,,Capa FIFO generada por retorno,Rubi Garcia,2026-05-04 17:41:22,2026-05-04 23:41:22
585,EMB-LYR-20260504-174136-657,398,398,EBR23966202,1,1,1,0,1,VF,PCB,LG,pending,,RETORNO:EMB-RET-20260504-174136-192,,Capa FIFO generada por retorno,Rubi Garcia,2026-05-04 17:41:36,2026-05-04 23:41:36
586,EMB-LYR-20260504-174152-923,397,397,EBR23966201,1,1,1,0,1,VF,PCB,LG,pending,,RETORNO:EMB-RET-20260504-174152-359,,Capa FIFO generada por retorno,Rubi Garcia,2026-05-04 17:41:52,2026-05-04 23:41:52
588,EMB-LYR-20260504-174404-753,68,68,EBR37437072,10,10,1,0,10,24 VS6M J NP SINGLE I/MAKER MEXICO,NULL,LG,pending,,RETORNO:EMB-RET-20260504-174404-988,,Capa FIFO generada por retorno,Rubi Garcia,2026-05-04 17:44:04,2026-05-04 23:44:04
589,EMB-LYR-20260504-174415-708,69,69,EBR37437073,20,20,1,0,20,pending,pending,LG,pending,,RETORNO:EMB-RET-20260504-174415-759,,Capa FIFO generada por retorno,Rubi Garcia,2026-05-04 17:44:15,2026-05-04 23:44:15
590,EMB-LYR-20260504-174610-211,96,96,EBR87463715,107,107,1,0,107,Raptor2 L Refresh,NULL,LG,pending,,RETORNO:EMB-RET-20260504-174610-289,,Capa FIFO generada por retorno,Rubi Garcia,2026-05-04 17:46:10,2026-05-04 23:46:10
591,EMB-LYR-20260504-174659-330,24,24,EBR30299369,5,5,1,0,5,pending,pending,LG,pending,,RETORNO:EMB-RET-20260504-174658-335,,Capa FIFO generada por retorno,Rubi Garcia,2026-05-04 17:46:58,2026-05-04 23:46:59
593,EMB-LYR-20260504-174910-447,160,160,ABQ74229143,74,74,1,0,74,MAJESTY,Case Display,LG,pending,,RETORNO:EMB-RET-20260504-174910-985,,Capa FIFO generada por retorno,Rubi Garcia,2026-05-04 17:49:10,2026-05-04 23:49:10
596,EMB-LYR-20260504-175028-619,333,333,ACQ30372850,13,13,1,0,13,RAPTOR,Display,LG,pending,,RETORNO:EMB-RET-20260504-175028-795,,Capa FIFO generada por retorno,Rubi Garcia,2026-05-04 17:50:28,2026-05-04 23:50:28
597,EMB-LYR-20260504-175206-785,109,109,EBR86093798,9,9,1,0,9,Majesty1 L Single DI Colombia 115V,NULL,LG,pending,,RETORNO:EMB-RET-20260504-175206-683,,Capa FIFO generada por retorno,Rubi Garcia,2026-05-04 17:52:06,2026-05-04 23:52:06
598,EMB-LYR-20260504-175333-858,573,573,ACQ91482499,6,6,1,0,6,pending,pending,LG,pending,,RETORNO:EMB-RET-20260504-175333-464,,Capa FIFO generada por retorno,Rubi Garcia,2026-05-04 17:53:33,2026-05-04 23:53:33
599,EMB-LYR-25,343,343,ACQ30500837,80,80,1,0,80,pending,pending,LG,pending,,RETORNO:EMB-RET-20260504-174717-634,,Capa FIFO generada por retorno,Rubi Garcia,2026-05-04 17:47:17,2026-05-05 00:19:36
605,EMB-LYR-20260504-182452-487,296,296,EBR41039122,60,60,1,0,60,pending,pending,LG,pending,,RETORNO:EMB-RET-20260504-182452-998,,Capa FIFO generada por retorno,Rubi Garcia,2026-05-04 18:24:52,2026-05-05 00:24:52
610,EMB-ENT-20260505-125418-212,84,84,EBR80757421,559,559,0,-855,-296,QUANTUM-T,PCB,LG,pending,SIN-UBICACION,EBR80757421,,QR: EBR80757421 | Qty registrada: 559,Sergio Torres,2026-05-05 06:54:16,2026-05-05 12:54:18
611,EMB-ENT-20260505-135541-771,75,75,EBR37437079,60,60,0,-447,-387,24 VS4M G P DUAL I/MAKER AMERICA,NULL,LG,pending,SIN-UBICACION,EBR37437079,,QR: EBR37437079 | Qty registrada: 60,Braulio Meza,2026-05-05 07:55:39,2026-05-05 13:55:41
612,EMB-ENT-20260505-135555-892,406,406,EBR23966211,56,56,0,-1085,-1029,VF3_W_USA,NULL,LG,pending,SIN-UBICACION,EBR23966211,,QR: EBR23966211 | Qty registrada: 56,Braulio Meza,2026-05-05 07:55:53,2026-05-05 13:55:56
613,EMB-ENT-20260505-135625-212,3,3,EBR82230426,143,143,0,-208,-65,OMEGA 7,PCB,LG,pending,SIN-UBICACION,EBR82230426,,QR: EBR82230426 | Qty registrada: 143,Braulio Meza,2026-05-05 07:56:23,2026-05-05 13:56:25
614,EMB-ENT-20260505-141104-958,236,236,EAD65948148,30,30,0,3213,3243,pending,pending,LG,pending,SIN-UBICACION,EAD65948148,,QR: EAD65948148 | Qty registrada: 30,Sergio Torres,2026-05-05 08:11:03,2026-05-05 14:11:04
615,EMB-ENT-20260505-141105-233,236,236,EAD65948148,90,90,0,3243,3333,pending,pending,LG,pending,SIN-UBICACION,EAD65948148,,QR: EAD65948148 | Qty registrada: 30,Sergio Torres,2026-05-05 08:11:04,2026-05-05 14:11:05
616,EMB-ENT-20260505-141105-473,236,236,EAD65948148,45,45,0,3333,3378,pending,pending,LG,pending,SIN-UBICACION,EAD65948148,,QR: EAD65948148 | Qty registrada: 30,Sergio Torres,2026-05-05 08:11:04,2026-05-05 14:11:05
619,EMB-ENT-20260505-142043-947,75,75,EBR37437079,120,120,0,-387,-267,24 VS4M G P DUAL I/MAKER AMERICA,NULL,LG,pending,SIN-UBICACION,EBR37437079,,QR: EBR37437079 | Qty registrada: 120,Rubi Garcia,2026-05-05 08:20:40,2026-05-05 14:20:43
620,EMB-ENT-20260505-142832-734,75,75,EBR37437079,60,60,0,-267,-207,24 VS4M G P DUAL I/MAKER AMERICA,NULL,LG,pending,SIN-UBICACION,EBR37437079,,QR: EBR37437079 | Qty registrada: 60,Rubi Garcia,2026-05-05 08:28:29,2026-05-05 14:28:32
621,EMB-ENT-20260505-151623-975,392,392,EBR24212306,200,200,0,1869,2069,MM Nova Basic Gas,NULL,LG,pending,SIN-UBICACION,EBR24212306,,QR: EBR24212306 | Qty registrada: 120,Sergio Torres,2026-05-05 09:16:21,2026-05-05 15:16:23
622,EMB-ENT-20260505-160556-737,392,392,EBR24212306,80,80,0,2069,2149,MM Nova Basic Gas,NULL,LG,pending,SIN-UBICACION,EBR24212306,,QR: EBR24212306 | Qty registrada: 80,Sergio Torres,2026-05-05 10:05:55,2026-05-05 16:05:56
623,EMB-ENT-20260505-160614-700,74,74,EBR37437078,60,60,0,-595,-535,24 VS4M L CRAFT DUAL I/MAKER AMERICA,PCB,LG,pending,SIN-UBICACION,EBR37437078,,QR: EBR37437078 | Qty registrada: 60,Sergio Torres,2026-05-05 10:06:12,2026-05-05 16:06:14
624,EMB-ENT-20260505-163315-617,75,75,EBR37437079,240,240,0,-447,-207,24 VS4M G P DUAL I/MAKER AMERICA,NULL,LG,pending,SIN-UBICACION,EBR37437079,,QR: EBR37437079 | Qty registrada: 240,Sergio Torres,2026-05-05 10:33:14,2026-05-05 16:33:15
625,EMB-ENT-20260505-163331-435,3,3,EBR82230426,60,60,0,-208,-148,OMEGA 7,PCB,LG,pending,SIN-UBICACION,EBR82230426,,QR: EBR82230426 | Qty registrada: 60,Sergio Torres,2026-05-05 10:33:30,2026-05-05 16:33:31
626,EMB-ENT-20260505-164452-909,350,350,ACQ30500853,240,240,0,-319,-79,pending,pending,LG,pending,SIN-UBICACION,ACQ30500853,,QR: ACQ30500853 | Qty registrada: 240,Sergio Torres,2026-05-05 10:44:51,2026-05-05 16:44:52
627,EMB-ENT-20260505-164517-721,299,299,EBR41039152,120,57,0,-63,57,MAJESTY,PCB,LG,pending,SIN-UBICACION,EBR41039152,,QR: EBR41039152 | Qty registrada: 120,Sergio Torres,2026-05-05 10:45:16,2026-05-05 16:45:17
628,EMB-ENT-20260505-164606-841,402,402,EBR23966207,21,21,0,-21,0,VF1_Better_X,NULL,LG,pending,SIN-UBICACION,EBR23966207,,QR: EBR23966207 | Qty registrada: 21,Sergio Torres,2026-05-05 10:46:04,2026-05-05 16:46:06
629,EMB-ENT-20260505-164617-450,294,294,EBR41039120,13,13,0,-225,-212,RAPTOR,PCB,LG,pending,SIN-UBICACION,EBR41039120,,QR: EBR41039120 | Qty registrada: 13,Sergio Torres,2026-05-05 10:46:16,2026-05-05 16:46:17
630,EMB-ENT-20260505-164625-428,293,293,EBR41039119,17,17,0,-903,-886,RAPTOR,PCB,LG,pending,SIN-UBICACION,EBR41039119,,QR: EBR41039119 | Qty registrada: 17,Sergio Torres,2026-05-05 10:46:25,2026-05-05 16:46:26
631,EMB-ENT-20260505-164645-325,296,296,EBR41039122,6,6,0,153,159,pending,pending,LG,pending,SIN-UBICACION,EBR41039122,,QR: EBR41039122 | Qty registrada: 6,Sergio Torres,2026-05-05 10:46:44,2026-05-05 16:46:45
632,EMB-ENT-20260505-164656-688,293,293,EBR41039119,12,12,0,-886,-874,RAPTOR,PCB,LG,pending,SIN-UBICACION,EBR41039119,,QR: EBR41039119 | Qty registrada: 12,Sergio Torres,2026-05-05 10:46:55,2026-05-05 16:46:56
633,EMB-ENT-20260505-164713-786,84,84,EBR80757421,39,39,0,-696,-657,QUANTUM-T,PCB,LG,pending,SIN-UBICACION,EBR80757421,,QR: EBR80757421 | Qty registrada: 39,Sergio Torres,2026-05-05 10:47:11,2026-05-05 16:47:13
634,EMB-ENT-20260505-164745-389,75,75,EBR37437079,40,40,0,-207,-167,24 VS4M G P DUAL I/MAKER AMERICA,NULL,LG,pending,SIN-UBICACION,EBR37437079,,QR: EBR37437079 | Qty registrada: 40,Sergio Torres,2026-05-05 10:47:44,2026-05-05 16:47:45
635,EMB-ENT-20260505-164753-828,299,299,EBR41039152,17,17,0,57,74,MAJESTY,PCB,LG,pending,SIN-UBICACION,EBR41039152,,QR: EBR41039152 | Qty registrada: 17,Sergio Torres,2026-05-05 10:47:52,2026-05-05 16:47:53
636,EMB-ENT-20260505-164810-995,298,298,EBR41039124,13,13,0,-351,-338,Raptor2 Q DI Mexico,PCB,LG,pending,SIN-UBICACION,EBR41039124,,QR: EBR41039124 | Qty registrada: 13,Sergio Torres,2026-05-05 10:48:09,2026-05-05 16:48:10
637,EMB-ENT-20260505-165035-872,391,391,EBR24212304,60,60,0,1700,1760,NOVA,PCB,LG,pending,SIN-UBICACION,EBR24212304,,QR: EBR24212304 | Qty registrada: 60,Rubi Garcia,2026-05-05 10:50:32,2026-05-05 16:50:35
638,EMB-ENT-20260505-165417-552,74,74,EBR37437078,60,60,0,-645,-585,24 VS4M L CRAFT DUAL I/MAKER AMERICA,PCB,LG,pending,SIN-UBICACION,EBR37437078,,QR: EBR37437078 | Qty registrada: 60,Rubi Garcia,2026-05-05 10:54:15,2026-05-05 16:54:17
639,EMB-ENT-20260505-170612-173,3,3,EBR82230426,120,120,0,-148,-28,OMEGA 7,PCB,LG,pending,SIN-UBICACION,EBR82230426,,QR: EBR82230426 | Qty registrada: 120,Rubi Garcia,2026-05-05 11:06:09,2026-05-05 17:06:12
640,EMB-ENT-20260505-172035-182,272,272,EAD00576610,300,300,0,2942,3242,pending,pending,LG,pending,SIN-UBICACION,EAD00576610,,QR: EAD00576610 | Qty registrada: 300,Sergio Torres,2026-05-05 11:20:34,2026-05-05 17:20:35
641,EMB-ENT-20260505-173502-937,274,274,EAD00576611,152,152,0,360,512,pending,pending,LG,pending,SIN-UBICACION,EAD00576611,,QR: EAD00576611 | Qty registrada: 152,Sergio Torres,2026-05-05 11:35:01,2026-05-05 17:35:02
642,EMB-ENT-20260505-174152-892,391,391,EBR24212304,180,180,0,1760,1940,NOVA,PCB,LG,pending,SIN-UBICACION,EBR24212304,,QR: EBR24212304 | Qty registrada: 180,Sergio Torres,2026-05-05 11:41:51,2026-05-05 17:41:52
643,EMB-ENT-20260505-174226-679,367,367,EBR43713608,88,32,0,-56,32,LUPIN,PCB,LG,pending,SIN-UBICACION,EBR43713608,,QR: EBR43713608 | Qty registrada: 88,Sergio Torres,2026-05-05 11:42:25,2026-05-05 17:42:26
644,EMB-ENT-20260505-175316-382,74,74,EBR37437078,60,60,0,-595,-535,24 VS4M L CRAFT DUAL I/MAKER AMERICA,PCB,LG,pending,SIN-UBICACION,EBR37437078,,QR: EBR37437078 | Qty registrada: 60,Braulio Meza,2026-05-05 11:53:14,2026-05-05 17:53:16
646,EMB-ENT-20260505-190806-423,145,145,EBR83845044,80,80,0,-88,-8,MAJESTY,PCB,LG,pending,SIN-UBICACION,EBR83845044,,QR: EBR83845044 | Qty registrada: 80,Sergio Torres,2026-05-05 13:08:04,2026-05-05 19:08:06
647,EMB-ENT-20260505-190916-724,406,406,EBR23966211,60,58,0,-1155,-1095,VF3_W_USA,NULL,LG,pending,SIN-UBICACION,EBR23966211,,QR: EBR23966211 | Qty registrada: 60,Sergio Torres,2026-05-05 13:09:14,2026-05-05 19:09:16
648,EMB-ENT-20260505-191233-639,236,236,EAD65948148,210,210,0,3048,3258,pending,pending,LG,pending,SIN-UBICACION,EAD65948148,,QR: EAD65948148 | Qty registrada: 210,Sergio Torres,2026-05-05 13:12:32,2026-05-05 19:12:33
649,EMB-ENT-20260505-191755-309,391,391,EBR24212304,60,60,0,1940,2000,NOVA,PCB,LG,pending,SIN-UBICACION,EBR24212304,,QR: EBR24212304 | Qty registrada: 60,Sergio Torres,2026-05-05 13:17:54,2026-05-05 19:17:55
650,EMB-ENT-20260505-191810-340,392,392,EBR24212306,60,60,0,1889,1949,MM Nova Basic Gas,NULL,LG,pending,SIN-UBICACION,EBR24212306,,QR: EBR24212306 | Qty registrada: 60,Sergio Torres,2026-05-05 13:18:09,2026-05-05 19:18:10
651,EMB-ENT-20260505-194527-618,74,74,EBR37437078,30,30,0,-595,-565,24 VS4M L CRAFT DUAL I/MAKER AMERICA,PCB,LG,pending,SIN-UBICACION,EBR37437078,,QR: EBR37437078 | Qty registrada: 30,Sergio Torres,2026-05-05 13:45:26,2026-05-05 19:45:27
652,EMB-ENT-20260505-194546-145,3,3,EBR82230426,120,120,0,-208,-88,OMEGA 7,PCB,LG,pending,SIN-UBICACION,EBR82230426,,QR: EBR82230426 | Qty registrada: 120,Sergio Torres,2026-05-05 13:45:44,2026-05-05 19:45:46
653,EMB-ENT-20260505-194647-379,236,236,EAD65948148,60,60,0,3258,3318,pending,pending,LG,pending,SIN-UBICACION,EAD65948148,,QR: EAD65948148 | Qty registrada: 60,Sergio Torres,2026-05-05 13:46:45,2026-05-05 19:46:47
654,EMB-ENT-20260505-194850-685,236,236,EAD65948148,30,30,0,3318,3348,pending,pending,LG,pending,SIN-UBICACION,EAD65948148,,QR: EAD65948148 | Qty registrada: 30,Sergio Torres,2026-05-05 13:48:48,2026-05-05 19:48:50
655,EMB-ENT-20260505-204745-519,408,408,EBR23966213,120,120,0,-336,-216,VF3_Better_L_Single_USA,NULL,LG,pending,SIN-UBICACION,EBR23966213,,QR: EBR23966213 | Qty registrada: 120,Braulio Meza,2026-05-05 14:47:43,2026-05-05 20:47:45
656,EMB-ENT-20260505-211829-871,157,157,ABQ74229140,130,130,0,-252,-122,Mal Instaview Only glass Mexico STS,Case Display,LG,pending,SIN-UBICACION,ABQ74229140,,QR: ABQ74229140 | Qty registrada: 130,Sergio Torres,2026-05-05 15:18:28,2026-05-05 21:18:29
657,EMB-ENT-20260505-211854-724,154,154,ABQ74229133,90,90,0,-289,-199,Mal Basic Disruptive Mexico,Case Display,LG,pending,SIN-UBICACION,ABQ74229133,,QR: ABQ74229133 | Qty registrada: 90,Sergio Torres,2026-05-05 15:18:52,2026-05-05 21:18:54
658,EMB-ENT-20260505-211921-941,154,154,ABQ74229133,180,180,0,-199,-19,Mal Basic Disruptive Mexico,Case Display,LG,pending,SIN-UBICACION,ABQ74229133,,QR: ABQ74229133 | Qty registrada: 180,Sergio Torres,2026-05-05 15:19:20,2026-05-05 21:19:21
659,EMB-ENT-20260505-212047-446,236,236,EAD65948148,80,80,0,3348,3428,pending,pending,LG,pending,SIN-UBICACION,EAD65948148,,QR: EAD65948148 | Qty registrada: 80,Sergio Torres,2026-05-05 15:20:45,2026-05-05 21:20:47
660,EMB-ENT-20260505-215443-972,147,147,EBR83845048,60,60,0,-164,-104,MAJESTY,PCB,LG,pending,SIN-UBICACION,EBR83845048,,QR: EBR83845048 | Qty registrada: 60,Rubi Garcia,2026-05-05 15:54:41,2026-05-05 21:54:43
661,EMB-ENT-20260505-221908-337,405,405,EBR23966210,10,10,0,30,40,VF1_Better_B_DI_100V,PCB MAIN,LG,pending,SIN-UBICACION,EBR23966210,,QR: EBR23966210 | Qty registrada: 10,Rubi Garcia,2026-05-05 16:19:06,2026-05-05 22:19:08
662,EMB-ENT-20260505-221919-989,89,89,EBR80757438,19,10,0,1,20,pending,pending,LG,pending,SIN-UBICACION,EBR80757438,,QR: EBR80757438 | Qty registrada: 19,Rubi Garcia,2026-05-05 16:19:17,2026-05-05 22:19:19
663,EMB-ENT-20260505-224626-298,133,133,ABQ75822467,100,100,0,-1651,-1551,RAPTOR,Case Display,LG,pending,SIN-UBICACION,ABQ75822467,,QR: ABQ75822467 | Qty registrada: 100,Rubi Garcia,2026-05-05 16:46:23,2026-05-05 22:46:26
664,EMB-ENT-20260505-231438-905,147,147,EBR83845048,113,113,0,-164,-51,MAJESTY,PCB,LG,pending,SIN-UBICACION,EBR83845048,,QR: EBR83845048 | Qty registrada: 120,Rubi Garcia,2026-05-05 17:14:35,2026-05-05 23:14:38
665,EMB-ENT-20260505-231655-482,75,75,EBR37437079,80,80,0,-447,-367,24 VS4M G P DUAL I/MAKER AMERICA,NULL,LG,pending,SIN-UBICACION,EBR37437079,,QR: EBR37437079 | Qty registrada: 80,Rubi Garcia,2026-05-05 17:16:52,2026-05-05 23:16:55
671,EMB-ENT-20260505-231953-433,147,147,EBR83845048,60,60,0,-51,9,MAJESTY,PCB,LG,pending,SIN-UBICACION,EBR83845048,,QR: EBR83845048 | Qty registrada: 60,Rubi Garcia,2026-05-05 17:19:51,2026-05-05 23:19:54
672,EMB-ENT-20260505-232006-717,408,408,EBR23966213,60,60,0,-336,-276,VF3_Better_L_Single_USA,NULL,LG,pending,SIN-UBICACION,EBR23966213,,QR: EBR23966213 | Qty registrada: 60,Rubi Garcia,2026-05-05 17:20:04,2026-05-05 23:20:06
673,EMB-ENT-20260505-232047-760,74,74,EBR37437078,64,64,0,-595,-531,24 VS4M L CRAFT DUAL I/MAKER AMERICA,PCB,LG,pending,SIN-UBICACION,EBR37437078,,QR: EBR37437078 | Qty registrada: 64,Rubi Garcia,2026-05-05 17:20:44,2026-05-05 23:20:47
674,EMB-ENT-20260506-001621-899,299,299,EBR41039152,100,54,0,-46,54,MAJESTY,PCB,LG,pending,SIN-UBICACION,EBR41039152,,QR: EBR41039152 | Qty registrada: 100,Sergio Torres,2026-05-05 18:16:20,2026-05-06 00:16:21
675,EMB-ENT-20260506-010135-943,299,299,EBR41039152,50,4,0,-46,4,MAJESTY,PCB,LG,pending,SIN-UBICACION,EBR41039152,,QR: EBR41039152 | Qty registrada: 50,Sergio Torres,2026-05-05 19:01:34,2026-05-06 01:01:35
676,EMB-ENT-20260506-011904-104,407,407,EBR23966212,60,60,0,-247,-187,VF3_Better_L_USA,NULL,LG,pending,SIN-UBICACION,EBR23966212,,QR: EBR23966212 | Qty registrada: 60,Rubi Garcia,2026-05-05 19:19:01,2026-05-06 01:19:04
677,EMB-ENT-20260506-012627-901,18,18,EBR30299363,240,240,0,-581,-341,RAPTOR,PCB,LG,pending,SIN-UBICACION,EBR30299363,,QR: EBR30299363 | Qty registrada: 240,Sergio Torres,2026-05-05 19:26:25,2026-05-06 01:26:27
678,EMB-ENT-20260506-013321-789,147,147,EBR83845048,180,29,0,-151,29,MAJESTY,PCB,LG,pending,SIN-UBICACION,EBR83845048,,QR: EBR83845048 | Qty registrada: 180,Sergio Torres,2026-05-05 19:33:20,2026-05-06 01:33:21
679,EMB-ENT-20260506-133045-188,407,407,EBR23966212,50,50,0,-247,-197,VF3_Better_L_USA,NULL,LG,pending,SIN-UBICACION,EBR23966212,,QR: EBR23966212 | Qty registrada: 50,Braulio Meza,2026-05-06 07:30:42,2026-05-06 13:30:45
680,EMB-ENT-20260506-134145-345,406,406,EBR23966211,30,26,0,-1174,-1144,VF3_W_USA,NULL,LG,pending,SIN-UBICACION,EBR23966211,,QR: EBR23966211 | Qty registrada: 30,Braulio Meza,2026-05-06 07:41:43,2026-05-06 13:41:46
681,EMB-ENT-20260506-134309-228,407,407,EBR23966212,103,103,0,-197,-94,VF3_Better_L_USA,NULL,LG,pending,SIN-UBICACION,EBR23966212,,QR: EBR23966212 | Qty registrada: 103,Braulio Meza,2026-05-06 07:43:07,2026-05-06 13:43:09
682,EMB-ENT-20260506-134318-258,408,408,EBR23966213,103,103,0,-396,-293,VF3_Better_L_Single_USA,NULL,LG,pending,SIN-UBICACION,EBR23966213,,QR: EBR23966213 | Qty registrada: 103,Braulio Meza,2026-05-06 07:43:16,2026-05-06 13:43:19
683,EMB-ENT-20260506-134805-627,133,133,ABQ75822467,300,300,0,-1631,-1331,RAPTOR,Case Display,LG,pending,SIN-UBICACION,ABQ75822467,,QR: ABQ75822467 | Qty registrada: 300,Rubi Garcia,2026-05-06 07:48:04,2026-05-06 13:48:05
684,EMB-ENT-20260506-135333-924,74,74,EBR37437078,70,70,0,-591,-521,24 VS4M L CRAFT DUAL I/MAKER AMERICA,PCB,LG,pending,SIN-UBICACION,EBR37437078,,QR: EBR37437078 | Qty registrada: 70,Braulio Meza,2026-05-06 07:53:31,2026-05-06 13:53:33
685,EMB-ENT-20260506-135345-941,88,88,EBR80757432,120,120,0,-536,-416,Quantum-T 20,PCB,LG,pending,SIN-UBICACION,EBR80757432,,QR: EBR80757432 | Qty registrada: 120,Braulio Meza,2026-05-06 07:53:42,2026-05-06 13:53:45
686,EMB-ENT-20260506-135356-681,75,75,EBR37437079,118,118,0,-447,-329,24 VS4M G P DUAL I/MAKER AMERICA,NULL,LG,pending,SIN-UBICACION,EBR37437079,,QR: EBR37437079 | Qty registrada: 118,Braulio Meza,2026-05-06 07:53:53,2026-05-06 13:53:56
687,EMB-ENT-20260506-140644-108,18,18,EBR30299363,140,140,0,-501,-361,RAPTOR,PCB,LG,pending,SIN-UBICACION,EBR30299363,,QR: EBR30299363 | Qty registrada: 140,Braulio Meza,2026-05-06 08:06:41,2026-05-06 14:06:44
688,EMB-ENT-20260506-143444-723,407,407,EBR23966212,60,60,0,-274,-214,VF3_Better_L_USA,NULL,LG,pending,SIN-UBICACION,EBR23966212,,QR: EBR23966212 | Qty registrada: 60,Braulio Meza,2026-05-06 08:34:42,2026-05-06 14:34:44
689,EMB-ENT-20260506-144609-770,88,88,EBR80757432,100,100,0,-636,-536,Quantum-T 20,PCB,LG,pending,SIN-UBICACION,EBR80757432,,QR: EBR80757432 | Qty registrada: 100,Braulio Meza,2026-05-06 08:46:06,2026-05-06 14:46:09
691,EMB-LYR-13,142,142,ABQ30226610,68,68,1,0,68,pending,pending,LG,pending,,RETORNO:EMB-RET-20260504-174321-239,,Capa FIFO generada por retorno,Rubi Garcia,2026-05-04 17:43:21,2026-05-06 14:47:14
692,EMB-ENT-20260506-144927-854,88,88,EBR80757432,106,106,0,-536,-430,Quantum-T 20,PCB,LG,pending,SIN-UBICACION,EBR80757432,,QR: EBR80757432 | Qty registrada: 106,Rubi Garcia,2026-05-06 08:49:27,2026-05-06 14:49:27
693,EMB-ENT-20260506-145215-467,88,88,EBR80757432,120,120,0,-536,-416,Quantum-T 20,PCB,LG,pending,SIN-UBICACION,EBR80757432,,QR: EBR80757432 | Qty registrada: 120,Rubi Garcia,2026-05-06 08:52:14,2026-05-06 14:52:15
694,EMB-ENT-20260506-145614-220,88,88,EBR80757432,42,42,0,-416,-374,Quantum-T 20,PCB,LG,pending,SIN-UBICACION,EBR80757432,,QR: EBR80757432 | Qty registrada: 42,Rubi Garcia,2026-05-06 08:56:13,2026-05-06 14:56:14
695,EMB-ENT-20260506-150016-596,274,274,EAD00576611,180,173,0,203,383,pending,pending,LG,pending,SIN-UBICACION,EAD00576611,,QR: EAD00576611 | Qty registrada: 180,Sergio Torres,2026-05-06 09:00:14,2026-05-06 15:00:16
696,EMB-ENT-20260506-150802-238,157,157,ABQ74229140,120,120,0,-132,-12,Mal Instaview Only glass Mexico STS,Case Display,LG,pending,SIN-UBICACION,ABQ74229140,,QR: ABQ74229140 | Qty registrada: 120,Sergio Torres,2026-05-06 09:08:00,2026-05-06 15:08:02
697,EMB-ENT-20260506-150848-424,133,133,ABQ75822467,106,106,0,-1571,-1465,RAPTOR,Case Display,LG,pending,SIN-UBICACION,ABQ75822467,,QR: ABQ75822467 | Qty registrada: 106,Sergio Torres,2026-05-06 09:08:46,2026-05-06 15:08:48
698,EMB-ENT-20260506-151119-342,88,88,EBR80757432,200,200,0,-534,-334,Quantum-T 20,PCB,LG,pending,SIN-UBICACION,EBR80757432,,QR: EBR80757432 | Qty registrada: 200,Rubi Garcia,2026-05-06 09:11:18,2026-05-06 15:11:19
699,EMB-LYR-31,157,157,ABQ74229140,46,46,1,0,46,Mal Instaview Only glass Mexico STS,Case Display,LG,pending,,RETORNO:EMB-RET-20260504-174930-375,,Capa FIFO generada por retorno,Rubi Garcia,2026-05-04 17:49:30,2026-05-06 15:23:23
700,EMB-LYR-71,157,157,ABQ74229140,2,2,1,0,2,Mal Instaview Only glass Mexico STS,Case Display,LG,pending,,RETORNO:EMB-RET-20260504-184726-904,,Capa FIFO generada por retorno,Rubi Garcia,2026-05-04 18:47:26,2026-05-06 15:23:23
701,EMB-ENT-20260506-154119-216,75,75,EBR37437079,95,95,0,-447,-352,24 VS4M G P DUAL I/MAKER AMERICA,NULL,LG,pending,SIN-UBICACION,EBR37437079,,QR: EBR37437079 | Qty registrada: 95,Braulio Meza,2026-05-06 09:41:16,2026-05-06 15:41:19
702,EMB-ENT-20260506-154152-889,74,74,EBR37437078,44,44,0,-541,-497,24 VS4M L CRAFT DUAL I/MAKER AMERICA,PCB,LG,pending,SIN-UBICACION,EBR37437078,,QR: EBR37437078 | Qty registrada: 44,Braulio Meza,2026-05-06 09:41:49,2026-05-06 15:41:52
703,EMB-ENT-20260506-154216-921,88,88,EBR80757432,346,346,0,-534,-188,Quantum-T 20,PCB,LG,pending,SIN-UBICACION,EBR80757432,,QR: EBR80757432 | Qty registrada: 346,Braulio Meza,2026-05-06 09:42:13,2026-05-06 15:42:16
704,EMB-ENT-20260506-154439-263,274,274,EAD00576611,120,120,0,383,503,pending,pending,LG,pending,SIN-UBICACION,EAD00576611,,QR: EAD00576611 | Qty registrada: 120,Sergio Torres,2026-05-06 09:44:37,2026-05-06 15:44:39
706,EMB-ENT-20260506-160513-355,157,157,ABQ74229140,60,48,0,-12,48,Mal Instaview Only glass Mexico STS,Case Display,LG,pending,SIN-UBICACION,ABQ74229140,,QR: ABQ74229140 | Qty registrada: 60,Sergio Torres,2026-05-06 10:05:12,2026-05-06 16:05:13
707,EMB-ENT-20260506-161758-658,392,392,EBR24212306,80,80,0,1949,2029,MM Nova Basic Gas,NULL,LG,pending,SIN-UBICACION,EBR24212306,,QR: EBR24212306 | Qty registrada: 80,Braulio Meza,2026-05-06 10:17:55,2026-05-06 16:17:58
708,EMB-ENT-20260506-162452-121,391,391,EBR24212304,100,100,0,1680,1780,NOVA,PCB,LG,pending,SIN-UBICACION,EBR24212304,,QR: EBR24212304 | Qty registrada: 100,Braulio Meza,2026-05-06 10:24:49,2026-05-06 16:24:52
709,EMB-ENT-20260506-162502-208,392,392,EBR24212306,60,60,0,2029,2089,MM Nova Basic Gas,NULL,LG,pending,SIN-UBICACION,EBR24212306,,QR: EBR24212306 | Qty registrada: 60,Braulio Meza,2026-05-06 10:25:00,2026-05-06 16:25:02
710,EMB-ENT-20260506-162820-345,274,274,EAD00576611,60,60,0,503,563,pending,pending,LG,pending,SIN-UBICACION,EAD00576611,,QR: EAD00576611 | Qty registrada: 60,Sergio Torres,2026-05-06 10:28:19,2026-05-06 16:28:20
711,EMB-ENT-20260506-163242-733,408,408,EBR23966213,60,60,0,-395,-335,VF3_Better_L_Single_USA,NULL,LG,pending,SIN-UBICACION,EBR23966213,,QR: EBR23966213 | Qty registrada: 60,Braulio Meza,2026-05-06 10:32:39,2026-05-06 16:32:42
712,EMB-ENT-20260506-163251-694,299,299,EBR41039152,80,44,0,-36,44,MAJESTY,PCB,LG,pending,SIN-UBICACION,EBR41039152,,QR: EBR41039152 | Qty registrada: 80,Braulio Meza,2026-05-06 10:32:49,2026-05-06 16:32:51
713,EMB-ENT-20260506-163305-285,88,88,EBR80757432,240,240,0,-188,52,Quantum-T 20,PCB,LG,pending,SIN-UBICACION,EBR80757432,,QR: EBR80757432 | Qty registrada: 240,Braulio Meza,2026-05-06 10:33:03,2026-05-06 16:33:05
714,EMB-ENT-20260506-164624-492,408,408,EBR23966213,60,60,0,-335,-275,VF3_Better_L_Single_USA,NULL,LG,pending,SIN-UBICACION,EBR23966213,,QR: EBR23966213 | Qty registrada: 60,Braulio Meza,2026-05-06 10:46:21,2026-05-06 16:46:24
715,EMB-ENT-20260506-164650-669,142,142,ABQ30226610,120,120,0,-832,-712,pending,pending,LG,pending,SIN-UBICACION,ABQ30226610,,QR: ABQ30226610 | Qty registrada: 120,Braulio Meza,2026-05-06 10:46:47,2026-05-06 16:46:50
716,EMB-ENT-20260506-164716-337,406,406,EBR23966211,340,340,0,-1174,-834,VF3_W_USA,NULL,LG,pending,SIN-UBICACION,EBR23966211,,QR: EBR23966211 | Qty registrada: 340,Sergio Torres,2026-05-06 10:47:15,2026-05-06 16:47:16
717,EMB-ENT-20260506-165934-977,18,18,EBR30299363,114,114,0,-541,-427,RAPTOR,PCB,LG,pending,SIN-UBICACION,EBR30299363,,QR: EBR30299363 | Qty registrada: 114,Rubi Garcia,2026-05-06 10:59:32,2026-05-06 16:59:34
719,EMB-ENT-20260506-170323-209,277,277,EAD00576613,90,8,0,20,110,pending,pending,LG,pending,SIN-UBICACION,EAD00576613,,QR: EAD00576613 | Qty registrada: 90,Sergio Torres,2026-05-06 11:03:22,2026-05-06 17:03:23
720,EMB-ENT-20260506-170438-195,277,277,EAD00576613,15,15,0,110,125,pending,pending,LG,pending,SIN-UBICACION,EAD00576613,,QR: EAD00576613 | Qty registrada: 15,Sergio Torres,2026-05-06 11:04:36,2026-05-06 17:04:38
721,EMB-ENT-20260506-173745-117,84,84,EBR80757421,120,120,0,-657,-537,QUANTUM-T,PCB,LG,pending,SIN-UBICACION,EBR80757421,,QR: EBR80757421 | Qty registrada: 120,Braulio Meza,2026-05-06 11:37:42,2026-05-06 17:37:45
722,EMB-ENT-20260506-173819-842,88,88,EBR80757432,600,600,0,-528,72,Quantum-T 20,PCB,LG,pending,SIN-UBICACION,EBR80757432,,QR: EBR80757432 | Qty registrada: 600,Braulio Meza,2026-05-06 11:38:16,2026-05-06 17:38:19
723,EMB-ENT-20260506-174313-740,84,84,EBR80757421,310,310,0,-537,-227,QUANTUM-T,PCB,LG,pending,SIN-UBICACION,EBR80757421,,QR: EBR80757421 | Qty registrada: 310,Braulio Meza,2026-05-06 11:43:10,2026-05-06 17:43:13
724,EMB-ENT-20260506-174519-924,88,88,EBR80757432,120,120,0,72,192,Quantum-T 20,PCB,LG,pending,SIN-UBICACION,EBR80757432,,QR: EBR80757432 | Qty registrada: 120,Braulio Meza,2026-05-06 11:45:16,2026-05-06 17:45:19
725,EMB-ENT-20260506-175321-581,350,350,ACQ30500853,240,240,0,-448,-208,pending,pending,LG,pending,SIN-UBICACION,ACQ30500853,,QR: ACQ30500853 | Qty registrada: 240,Braulio Meza,2026-05-06 11:53:19,2026-05-06 17:53:21
726,EMB-ENT-20260506-182919-217,317,317,ACQ30372826,238,238,0,-1131,-893,VS,Display,LG,pending,SIN-UBICACION,ACQ30372826,,QR: ACQ30372826 | Qty registrada: 240,Rubi Garcia,2026-05-06 12:29:18,2026-05-06 18:29:19
727,EMB-ENT-20260506-182930-430,350,350,ACQ30500853,240,240,0,-448,-208,pending,pending,LG,pending,SIN-UBICACION,ACQ30500853,,QR: ACQ30500853 | Qty registrada: 240,Rubi Garcia,2026-05-06 12:29:30,2026-05-06 18:29:30
728,EMB-ENT-20260506-182944-607,75,75,EBR37437079,120,120,0,-447,-327,24 VS4M G P DUAL I/MAKER AMERICA,NULL,LG,pending,SIN-UBICACION,EBR37437079,,QR: EBR37437079 | Qty registrada: 120,Rubi Garcia,2026-05-06 12:29:44,2026-05-06 18:29:44
729,EMB-ENT-20260506-184544-388,126,126,ABQ75822454,241,241,0,-200,41,RAPTOR,Case Display,LG,pending,SIN-UBICACION,ABQ75822454,,QR: ABQ75822454 | Qty registrada: 241,Rubi Garcia,2026-05-06 12:45:43,2026-05-06 18:45:44
730,EMB-ENT-20260506-190955-826,238,238,EAD65948149,35,35,0,0,35,pending,pending,LG,pending,SIN-UBICACION,EAD65948149,,QR: EAD65948149 | Qty registrada: 35,Sergio Torres,2026-05-06 13:09:52,2026-05-06 19:09:55
731,EMB-ENT-20260506-191158-574,274,274,EAD00576611,90,90,0,563,653,pending,pending,LG,pending,SIN-UBICACION,EAD00576611,,QR: EAD00576611 | Qty registrada: 90,Sergio Torres,2026-05-06 13:11:57,2026-05-06 19:11:58
732,EMB-ENT-20260506-191538-469,408,408,EBR23966213,60,60,0,-395,-335,VF3_Better_L_Single_USA,NULL,LG,pending,SIN-UBICACION,EBR23966213,,QR: EBR23966213 | Qty registrada: 60,Braulio Meza,2026-05-06 13:15:35,2026-05-06 19:15:38
733,EMB-ENT-20260506-191557-161,75,75,EBR37437079,40,40,0,-327,-287,24 VS4M G P DUAL I/MAKER AMERICA,NULL,LG,pending,SIN-UBICACION,EBR37437079,,QR: EBR37437079 | Qty registrada: 40,Braulio Meza,2026-05-06 13:15:54,2026-05-06 19:15:57
734,EMB-ENT-20260506-192240-621,75,75,EBR37437079,180,180,0,-287,-107,24 VS4M G P DUAL I/MAKER AMERICA,NULL,LG,pending,SIN-UBICACION,EBR37437079,,QR: EBR37437079 | Qty registrada: 180,Braulio Meza,2026-05-06 13:22:37,2026-05-06 19:22:40
735,EMB-ENT-20260506-195340-946,391,391,EBR24212304,80,80,0,1500,1580,NOVA,PCB,LG,pending,SIN-UBICACION,EBR24212304,,QR: EBR24212304 | Qty registrada: 80,Sergio Torres,2026-05-06 13:53:39,2026-05-06 19:53:40
736,EMB-ENT-20260506-195350-877,392,392,EBR24212306,15,15,0,1914,1929,MM Nova Basic Gas,NULL,LG,pending,SIN-UBICACION,EBR24212306,,QR: EBR24212306 | Qty registrada: 15,Sergio Torres,2026-05-06 13:53:49,2026-05-06 19:53:50
739,EMB-ENT-20260506-200102-583,236,236,EAD65948148,210,210,0,2648,2858,pending,pending,LG,pending,SIN-UBICACION,EAD65948148,,QR: EAD65948148 | Qty registrada: 210,Sergio Torres,2026-05-06 14:01:00,2026-05-06 20:01:02
740,EMB-ENT-20260506-200217-835,299,299,EBR41039152,48,12,0,-36,12,MAJESTY,PCB,LG,pending,SIN-UBICACION,EBR41039152,,QR: EBR41039152 | Qty registrada: 48,Braulio Meza,2026-05-06 14:02:15,2026-05-06 20:02:17
747,EMB-ENT-20260506-200440-219,346,346,ACQ30500842,80,80,0,20,100,pending,pending,LG,pending,SIN-UBICACION,ACQ30500842,,QR: ACQ30500842 | Qty registrada: 80,Sergio Torres,2026-05-06 14:04:38,2026-05-06 20:04:40
749,EMB-ENT-20260506-200456-625,350,350,ACQ30500853,160,160,0,-448,-288,pending,pending,LG,pending,SIN-UBICACION,ACQ30500853,,QR: ACQ30500853 | Qty registrada: 160,Sergio Torres,2026-05-06 14:04:55,2026-05-06 20:04:56
751,EMB-ENT-20260506-200535-643,349,349,ACQ30500851,160,160,0,-800,-640,pending,pending,LG,pending,SIN-UBICACION,ACQ30500851,,QR: ACQ30500851 | Qty registrada: 160,Sergio Torres,2026-05-06 14:05:34,2026-05-06 20:05:35
752,EMB-ENT-20260506-200544-520,319,319,ACQ30372828,40,40,0,36,76,VS,Display,LG,pending,SIN-UBICACION,ACQ30372828,,QR: ACQ30372828 | Qty registrada: 40,Sergio Torres,2026-05-06 14:05:43,2026-05-06 20:05:44
753,EMB-ENT-20260506-200558-577,317,317,ACQ30372826,158,158,0,-1133,-975,VS,Display,LG,pending,SIN-UBICACION,ACQ30372826,,QR: ACQ30372826 | Qty registrada: 158,Sergio Torres,2026-05-06 14:05:57,2026-05-06 20:05:58
756,EMB-ENT-20260506-202148-506,3,3,EBR82230426,198,198,0,-248,-50,OMEGA 7,PCB,LG,pending,SIN-UBICACION,EBR82230426,,QR: EBR82230426 | Qty registrada: 198,Sergio Torres,2026-05-06 14:21:46,2026-05-06 20:21:48
757,EMB-ENT-20260506-202933-635,133,133,ABQ75822467,157,157,0,-1605,-1448,RAPTOR,Case Display,LG,pending,SIN-UBICACION,ABQ75822467,,QR: ABQ75822467 | Qty registrada: 157,Sergio Torres,2026-05-06 14:29:31,2026-05-06 20:29:33
758,EMB-ENT-20260506-203231-248,236,236,EAD65948148,90,90,0,2858,2948,pending,pending,LG,pending,SIN-UBICACION,EAD65948148,,QR: EAD65948148 | Qty registrada: 90,Sergio Torres,2026-05-06 14:32:30,2026-05-06 20:32:31
759,EMB-ENT-20260506-203741-391,236,236,EAD65948148,30,30,0,2948,2978,pending,pending,LG,pending,SIN-UBICACION,EAD65948148,,QR: EAD65948148 | Qty registrada: 30,Sergio Torres,2026-05-06 14:37:39,2026-05-06 20:37:41
760,EMB-ENT-20260506-205728-349,84,84,EBR80757421,403,176,0,-227,176,QUANTUM-T,PCB,LG,pending,SIN-UBICACION,EBR80757421,,QR: EBR80757421 | Qty registrada: 403,Sergio Torres,2026-05-06 14:57:26,2026-05-06 20:57:28
761,EMB-ENT-20260506-214008-657,392,392,EBR24212306,45,45,0,1929,1974,MM Nova Basic Gas,NULL,LG,pending,SIN-UBICACION,EBR24212306,,QR: EBR24212306 | Qty registrada: 45,Rubi Garcia,2026-05-06 15:40:07,2026-05-06 21:40:08
762,EMB-ENT-20260506-214100-231,236,236,EAD65948148,120,120,0,2978,3098,pending,pending,LG,pending,SIN-UBICACION,EAD65948148,,QR: EAD65948148 | Qty registrada: 120,Sergio Torres,2026-05-06 15:40:58,2026-05-06 21:41:00
765,EMB-ENT-20260506-215245-493,133,133,ABQ75822467,400,400,0,-1448,-1048,RAPTOR,Case Display,LG,pending,SIN-UBICACION,ABQ75822467,,QR: ABQ75822467 | Qty registrada: 400,Sergio Torres,2026-05-06 15:52:43,2026-05-06 21:52:45
766,EMB-ENT-20260506-215657-771,75,75,EBR37437079,80,80,0,-307,-227,24 VS4M G P DUAL I/MAKER AMERICA,NULL,LG,pending,SIN-UBICACION,EBR37437079,,QR: EBR37437079 | Qty registrada: 80,Sergio Torres,2026-05-06 15:56:55,2026-05-06 21:56:57
767,EMB-ENT-20260506-215725-872,142,142,ABQ30226610,120,120,0,-832,-712,pending,pending,LG,pending,SIN-UBICACION,ABQ30226610,,QR: ABQ30226610 | Qty registrada: 120,Sergio Torres,2026-05-06 15:57:23,2026-05-06 21:57:25
768,EMB-ENT-20260506-220132-534,75,75,EBR37437079,100,100,0,-227,-127,24 VS4M G P DUAL I/MAKER AMERICA,NULL,LG,pending,SIN-UBICACION,EBR37437079,,QR: EBR37437079 | Qty registrada: 100,Sergio Torres,2026-05-06 16:01:30,2026-05-06 22:01:32
769,EMB-ENT-20260506-220754-284,391,391,EBR24212304,101,101,0,1580,1681,NOVA,PCB,LG,pending,SIN-UBICACION,EBR24212304,,QR: EBR24212304 | Qty registrada: 101,Sergio Torres,2026-05-06 16:07:52,2026-05-06 22:07:54
770,EMB-ENT-20260506-220806-196,392,392,EBR24212306,11,11,0,1974,1985,MM Nova Basic Gas,NULL,LG,pending,SIN-UBICACION,EBR24212306,,QR: EBR24212306 | Qty registrada: 11,Sergio Torres,2026-05-06 16:08:05,2026-05-06 22:08:06
771,EMB-ENT-20260506-222029-352,299,299,EBR41039152,140,140,0,12,152,MAJESTY,PCB,LG,pending,SIN-UBICACION,EBR41039152,,QR: EBR41039152 | Qty registrada: 140,Rubi Garcia,2026-05-06 16:20:28,2026-05-06 22:20:29
773,EMB-ENT-20260506-222545-893,88,88,EBR80757432,116,116,0,-268,-152,Quantum-T 20,PCB,LG,pending,SIN-UBICACION,EBR80757432,,QR: EBR80757432 | Qty registrada: 116,Sergio Torres,2026-05-06 16:25:43,2026-05-06 22:25:45
774,EMB-ENT-20260506-222604-866,407,407,EBR23966212,58,58,0,-214,-156,VF3_Better_L_USA,NULL,LG,pending,SIN-UBICACION,EBR23966212,,QR: EBR23966212 | Qty registrada: 58,Sergio Torres,2026-05-06 16:26:02,2026-05-06 22:26:04
775,EMB-ENT-20260506-222627-285,406,406,EBR23966211,29,29,0,-834,-805,VF3_W_USA,NULL,LG,pending,SIN-UBICACION,EBR23966211,,QR: EBR23966211 | Qty registrada: 29,Sergio Torres,2026-05-06 16:26:26,2026-05-06 22:26:27
776,EMB-ENT-20260506-222713-810,88,88,EBR80757432,360,208,0,-152,208,Quantum-T 20,PCB,LG,pending,SIN-UBICACION,EBR80757432,,QR: EBR80757432 | Qty registrada: 360,Rubi Garcia,2026-05-06 16:27:12,2026-05-06 22:27:13
777,EMB-ENT-20260506-223352-653,21,21,EBR30299366,60,60,0,-188,-128,RAPTOR,PCB,LG,pending,SIN-UBICACION,EBR30299366,,QR: EBR30299366 | Qty registrada: 60,Braulio Meza,2026-05-06 16:33:50,2026-05-06 22:33:52
778,EMB-ENT-20260506-224257-472,21,21,EBR30299366,120,120,0,-128,-8,RAPTOR,PCB,LG,pending,SIN-UBICACION,EBR30299366,,QR: EBR30299366 | Qty registrada: 120,Braulio Meza,2026-05-06 16:42:55,2026-05-06 22:42:57
780,EMB-ENT-20260506-224705-259,145,145,EBR83845044,40,40,0,-88,-48,MAJESTY,PCB,LG,pending,SIN-UBICACION,EBR83845044,,QR: EBR83845044 | Qty registrada: 40,Sergio Torres,2026-05-06 16:47:04,2026-05-06 22:47:05
781,EMB-ENT-20260506-224718-912,12,12,EBR30299355,9,9,0,-239,-230,RAPTOR,PCB,LG,pending,SIN-UBICACION,EBR30299355,,QR: EBR30299355 | Qty registrada: 9,Sergio Torres,2026-05-06 16:47:17,2026-05-06 22:47:18
782,EMB-ENT-20260506-224740-746,18,18,EBR30299363,13,13,0,-567,-554,RAPTOR,PCB,LG,pending,SIN-UBICACION,EBR30299363,,QR: EBR30299363 | Qty registrada: 13,Sergio Torres,2026-05-06 16:47:38,2026-05-06 22:47:40
783,EMB-ENT-20260506-224753-986,17,17,EBR30299362,8,8,0,-76,-68,RAPTOR,PCB,LG,pending,SIN-UBICACION,EBR30299362,,QR: EBR30299362 | Qty registrada: 8,Sergio Torres,2026-05-06 16:47:52,2026-05-06 22:47:53
784,EMB-ENT-20260506-224846-660,408,408,EBR23966213,70,70,0,-455,-385,VF3_Better_L_Single_USA,NULL,LG,pending,SIN-UBICACION,EBR23966213,,QR: EBR23966213 | Qty registrada: 70,Sergio Torres,2026-05-06 16:48:44,2026-05-06 22:48:46
785,EMB-ENT-20260506-225038-412,78,78,EBR37437082,60,60,0,-80,-20,VS6M Q MEXICO,NULL,LG,pending,SIN-UBICACION,EBR37437082,,QR: EBR37437082 | Qty registrada: 60,Sergio Torres,2026-05-06 16:50:36,2026-05-06 22:50:38
786,EMB-ENT-20260506-230858-426,142,142,ABQ30226610,120,120,0,-832,-712,pending,pending,LG,pending,SIN-UBICACION,ABQ30226610,,QR: ABQ30226610 | Qty registrada: 120,Rubi Garcia,2026-05-06 17:08:58,2026-05-06 23:08:58
787,EMB-ENT-20260506-230937-637,408,408,EBR23966213,110,110,0,-395,-285,VF3_Better_L_Single_USA,NULL,LG,pending,SIN-UBICACION,EBR23966213,,QR: EBR23966213 | Qty registrada: 110,Rubi Garcia,2026-05-06 17:09:36,2026-05-06 23:09:37
788,EMB-ENT-20260506-231042-531,236,236,EAD65948148,240,240,0,2948,3188,pending,pending,LG,pending,SIN-UBICACION,EAD65948148,,QR: EAD65948148 | Qty registrada: 270,Sergio Torres,2026-05-06 17:10:40,2026-05-06 23:10:42
789,EMB-ENT-20260506-231756-259,133,133,ABQ75822467,3,3,0,-1448,-1445,RAPTOR,Case Display,LG,pending,SIN-UBICACION,ABQ75822467,,QR: ABQ75822467 | Qty registrada: 3,Sergio Torres,2026-05-06 17:17:54,2026-05-06 23:17:56
790,EMB-ENT-20260506-231931-728,133,133,ABQ75822467,80,80,0,-1445,-1365,RAPTOR,Case Display,LG,pending,SIN-UBICACION,ABQ75822467,,QR: ABQ75822467 | Qty registrada: 80,Sergio Torres,2026-05-06 17:19:30,2026-05-06 23:19:31
791,EMB-ENT-20260506-232705-100,408,408,EBR23966213,64,64,0,-395,-331,VF3_Better_L_Single_USA,NULL,LG,pending,SIN-UBICACION,EBR23966213,,QR: EBR23966213 | Qty registrada: 64,Braulio Meza,2026-05-06 17:27:02,2026-05-06 23:27:05
792,EMB-ENT-20260506-235418-807,18,18,EBR30299363,180,180,0,-554,-374,RAPTOR,PCB,LG,pending,SIN-UBICACION,EBR30299363,,QR: EBR30299363 | Qty registrada: 180,Braulio Meza,2026-05-06 17:54:15,2026-05-06 23:54:18
793,EMB-ENT-20260507-002158-250,18,18,EBR30299363,80,80,0,-554,-474,RAPTOR,PCB,LG,pending,SIN-UBICACION,EBR30299363,,QR: EBR30299363 | Qty registrada: 80,Braulio Meza,2026-05-06 18:21:54,2026-05-07 00:21:58
794,EMB-ENT-20260507-002211-235,408,408,EBR23966213,60,60,0,-395,-335,VF3_Better_L_Single_USA,NULL,LG,pending,SIN-UBICACION,EBR23966213,,QR: EBR23966213 | Qty registrada: 60,Braulio Meza,2026-05-06 18:22:09,2026-05-07 00:22:11
795,EMB-ENT-20260507-131923-968,392,392,EBR24212306,140,140,0,1960,2100,MM Nova Basic Gas,NULL,LG,pending,SIN-UBICACION,EBR24212306,,QR: EBR24212306 | Qty registrada: 140,Sergio Torres,2026-05-07 07:19:22,2026-05-07 13:19:23
796,EMB-ENT-20260507-132816-190,78,78,EBR37437082,89,89,0,-80,9,VS6M Q MEXICO,NULL,LG,pending,SIN-UBICACION,EBR37437082,,QR: EBR37437082 | Qty registrada: 89,Sergio Torres,2026-05-07 07:28:14,2026-05-07 13:28:16
797,EMB-LYR-20260507-072939-441,392,392,EBR24212306,60,60,1,0,60,MM Nova Basic Gas,NULL,LG,pending,,RETORNO:EMB-RET-20260507-072939-671,,Capa FIFO generada por retorno,Rubi Garcia,2026-05-07 07:29:39,2026-05-07 13:29:39
798,EMB-LYR-20260507-072956-174,392,392,EBR24212306,1,1,1,0,1,MM Nova Basic Gas,NULL,LG,pending,,RETORNO:EMB-RET-20260507-072956-965,,Capa FIFO generada por retorno,Rubi Garcia,2026-05-07 07:29:56,2026-05-07 13:29:56
799,EMB-ENT-20260507-134135-879,142,142,ABQ30226610,119,119,0,-832,-713,pending,pending,LG,pending,SIN-UBICACION,ABQ30226610,,QR: ABQ30226610 | Qty registrada: 119,Sergio Torres,2026-05-07 07:41:33,2026-05-07 13:41:35
800,EMB-ENT-20260507-134151-450,293,293,EBR41039119,20,20,0,-874,-854,RAPTOR,PCB,LG,pending,SIN-UBICACION,EBR41039119,,QR: EBR41039119 | Qty registrada: 20,Sergio Torres,2026-05-07 07:41:49,2026-05-07 13:41:51
801,EMB-ENT-20260507-134230-804,338,338,ACQ30372866,80,80,0,-160,-80,VS,Display,LG,pending,SIN-UBICACION,ACQ30372866,,QR: ACQ30372866 | Qty registrada: 80,Sergio Torres,2026-05-07 07:42:28,2026-05-07 13:42:30
802,EMB-ENT-20260507-134308-419,317,317,ACQ30372826,80,80,0,-975,-895,VS,Display,LG,pending,SIN-UBICACION,ACQ30372826,,QR: ACQ30372826 | Qty registrada: 80,Sergio Torres,2026-05-07 07:43:06,2026-05-07 13:43:08
803,EMB-ENT-20260507-134342-695,21,21,EBR30299366,55,55,0,-168,-113,RAPTOR,PCB,LG,pending,SIN-UBICACION,EBR30299366,,QR: EBR30299366 | Qty registrada: 55,Sergio Torres,2026-05-07 07:43:40,2026-05-07 13:43:42
804,EMB-ENT-20260507-140753-689,272,272,EAD00576610,90,90,0,2912,3002,pending,pending,LG,pending,SIN-UBICACION,EAD00576610,,QR: EAD00576610 | Qty registrada: 90,Sergio Torres,2026-05-07 08:07:52,2026-05-07 14:07:53
805,EMB-ENT-20260507-142204-920,18,18,EBR30299363,120,120,0,-554,-434,RAPTOR,PCB,LG,pending,SIN-UBICACION,EBR30299363,,QR: EBR30299363 | Qty registrada: 120,Braulio Meza,2026-05-07 08:22:04,2026-05-07 14:22:04
806,EMB-ENT-20260507-143112-965,408,408,EBR23966213,32,32,0,-395,-363,VF3_Better_L_Single_USA,NULL,LG,pending,SIN-UBICACION,EBR23966213,,QR: EBR23966213 | Qty registrada: 32,Ana del Angel,2026-05-07 08:31:11,2026-05-07 14:31:12
807,EMB-ENT-20260507-143804-508,272,272,EAD00576610,90,90,0,3002,3092,pending,pending,LG,pending,SIN-UBICACION,EAD00576610,,QR: EAD00576610 | Qty registrada: 90,Sergio Torres,2026-05-07 08:38:03,2026-05-07 14:38:05
808,EMB-ENT-20260507-144533-798,18,18,EBR30299363,60,60,0,-554,-494,RAPTOR,PCB,LG,pending,SIN-UBICACION,EBR30299363,,QR: EBR30299363 | Qty registrada: 60,Braulio Meza,2026-05-07 08:45:32,2026-05-07 14:45:33
809,EMB-ENT-20260507-145050-546,134,134,ABQ75822468,280,280,0,-180,100,RAPTOR,Case Display,LG,pending,SIN-UBICACION,ABQ75822468,,QR: ABQ75822468 | Qty registrada: 280,Sergio Torres,2026-05-07 08:50:48,2026-05-07 14:50:50
811,EMB-LYR-32,154,154,ABQ74229133,11,11,1,0,11,Mal Basic Disruptive Mexico,Case Display,LG,pending,,RETORNO:EMB-RET-20260504-174948-193,,Capa FIFO generada por retorno,Rubi Garcia,2026-05-04 17:49:48,2026-05-07 14:57:48
812,EMB-ENT-20260507-150138-602,18,18,EBR30299363,60,60,0,-494,-434,RAPTOR,PCB,LG,pending,SIN-UBICACION,EBR30299363,,QR: EBR30299363 | Qty registrada: 60,Braulio Meza,2026-05-07 09:01:35,2026-05-07 15:01:38
813,EMB-ENT-20260507-150317-174,388,388,EBR24212302,60,60,0,584,644,NOVA,PCB,LG,pending,SIN-UBICACION,EBR24212302,,QR: EBR24212302 | Qty registrada: 60,Sergio Torres,2026-05-07 09:03:15,2026-05-07 15:03:17
814,EMB-ENT-20260507-151013-178,18,18,EBR30299363,60,60,0,-434,-374,RAPTOR,PCB,LG,pending,SIN-UBICACION,EBR30299363,,QR: EBR30299363 | Qty registrada: 60,Sergio Torres,2026-05-07 09:10:11,2026-05-07 15:10:13
815,EMB-ENT-20260507-151315-450,18,18,EBR30299363,60,60,0,-374,-314,RAPTOR,PCB,LG,pending,SIN-UBICACION,EBR30299363,,QR: EBR30299363 | Qty registrada: 60,Sergio Torres,2026-05-07 09:13:13,2026-05-07 15:13:15
816,EMB-ENT-20260507-151626-427,18,18,EBR30299363,60,60,0,-314,-254,RAPTOR,PCB,LG,pending,SIN-UBICACION,EBR30299363,,QR: EBR30299363 | Qty registrada: 60,Rubi Garcia,2026-05-07 09:16:25,2026-05-07 15:16:26
817,EMB-ENT-20260507-152209-930,388,388,EBR24212302,60,60,0,584,644,NOVA,PCB,LG,pending,SIN-UBICACION,EBR24212302,,QR: EBR24212302 | Qty registrada: 60,Rubi Garcia,2026-05-07 09:22:09,2026-05-07 15:22:09
818,EMB-ENT-20260507-153126-446,272,272,EAD00576610,80,80,0,3092,3172,pending,pending,LG,pending,SIN-UBICACION,EAD00576610,,QR: EAD00576610 | Qty registrada: 80,Sergio Torres,2026-05-07 09:31:25,2026-05-07 15:31:26
819,EMB-ENT-20260507-153513-132,126,126,ABQ75822454,100,100,0,-219,-119,RAPTOR,Case Display,LG,pending,SIN-UBICACION,ABQ75822454,,QR: ABQ75822454 | Qty registrada: 100,Sergio Torres,2026-05-07 09:35:11,2026-05-07 15:35:13
820,EMB-ENT-20260507-155911-838,75,75,EBR37437079,40,40,0,-227,-187,24 VS4M G P DUAL I/MAKER AMERICA,NULL,LG,pending,SIN-UBICACION,EBR37437079,,QR: EBR37437079 | Qty registrada: 40,Sergio Torres,2026-05-07 09:59:09,2026-05-07 15:59:11
821,EMB-ENT-20260507-155925-699,392,392,EBR24212306,120,120,0,2081,2201,MM Nova Basic Gas,NULL,LG,pending,SIN-UBICACION,EBR24212306,,QR: EBR24212306 | Qty registrada: 120,Sergio Torres,2026-05-07 09:59:23,2026-05-07 15:59:25
822,EMB-ENT-20260507-160832-504,408,408,EBR23966213,60,60,0,-395,-335,VF3_Better_L_Single_USA,NULL,LG,pending,SIN-UBICACION,EBR23966213,,QR: EBR23966213 | Qty registrada: 60,Sergio Torres,2026-05-07 10:08:30,2026-05-07 16:08:32
823,EMB-ENT-AJ-20260507-101316-161,391,391,EBR24212304,20,20,0,1561,1581,NOVA,PCB,LG,pending,,AJUSTE:AJ-ENT-20260507-101315-813FEF,,Ajuste manual por lote de entradas AJ-ENT-20260507-101315-813FEF: OVEN,Rubi Garcia,2026-05-07 10:13:00,2026-05-07 16:13:16
824,EMB-ENT-20260507-161425-439,272,272,EAD00576610,80,80,0,3172,3252,pending,pending,LG,pending,SIN-UBICACION,EAD00576610,,QR: EAD00576610 | Qty registrada: 80,Sergio Torres,2026-05-07 10:14:23,2026-05-07 16:14:25
825,EMB-ENT-20260507-161433-936,391,391,EBR24212304,40,40,0,1541,1581,NOVA,PCB,LG,pending,SIN-UBICACION,EBR24212304,,QR: EBR24212304 | Qty registrada: 40,Braulio Meza,2026-05-07 10:14:30,2026-05-07 16:14:33
826,EMB-ENT-20260507-163203-352,409,409,EBR23966214,60,60,0,13,73,pending,pending,LG,pending,SIN-UBICACION,EBR23966214,,QR: EBR23966214 | Qty registrada: 60,Braulio Meza,2026-05-07 10:32:00,2026-05-07 16:32:03
827,EMB-ENT-20260507-163216-960,408,408,EBR23966213,60,60,0,-395,-335,VF3_Better_L_Single_USA,NULL,LG,pending,SIN-UBICACION,EBR23966213,,QR: EBR23966213 | Qty registrada: 60,Braulio Meza,2026-05-07 10:32:13,2026-05-07 16:32:16
828,EMB-ENT-20260507-163236-690,142,142,ABQ30226610,120,120,0,-833,-713,pending,pending,LG,pending,SIN-UBICACION,ABQ30226610,,QR: ABQ30226610 | Qty registrada: 120,Braulio Meza,2026-05-07 10:32:33,2026-05-07 16:32:36
829,EMB-ENT-20260507-163408-831,391,391,EBR24212304,60,60,0,1581,1641,NOVA,PCB,LG,pending,SIN-UBICACION,EBR24212304,,QR: EBR24212304 | Qty registrada: 60,Sergio Torres,2026-05-07 10:34:06,2026-05-07 16:34:09
830,EMB-ENT-20260507-163429-597,388,388,EBR24212302,120,120,0,644,764,NOVA,PCB,LG,pending,SIN-UBICACION,EBR24212302,,QR: EBR24212302 | Qty registrada: 120,Sergio Torres,2026-05-07 10:34:27,2026-05-07 16:34:29
831,EMB-ENT-20260507-164133-294,272,272,EAD00576610,80,80,0,3252,3332,pending,pending,LG,pending,SIN-UBICACION,EAD00576610,,QR: EAD00576610 | Qty registrada: 80,Sergio Torres,2026-05-07 10:41:31,2026-05-07 16:41:33
832,EMB-ENT-20260507-164539-699,142,142,ABQ30226610,120,120,0,-833,-713,pending,pending,LG,pending,SIN-UBICACION,ABQ30226610,,QR: ABQ30226610 | Qty registrada: 120,Braulio Meza,2026-05-07 10:45:35,2026-05-07 16:45:39
833,EMB-ENT-20260507-172036-406,409,409,EBR23966214,60,41,0,13,73,pending,pending,LG,pending,SIN-UBICACION,EBR23966214,,QR: EBR23966214 | Qty registrada: 60,Braulio Meza,2026-05-07 11:20:35,2026-05-07 17:20:36
834,EMB-ENT-20260507-173305-267,272,272,EAD00576610,160,160,0,3332,3492,pending,pending,LG,pending,SIN-UBICACION,EAD00576610,,QR: EAD00576610 | Qty registrada: 160,Sergio Torres,2026-05-07 11:33:03,2026-05-07 17:33:05
835,EMB-ENT-20260507-191124-571,88,88,EBR80757432,520,8,0,-512,8,Quantum-T 20,PCB,LG,pending,SIN-UBICACION,EBR80757432,,QR: EBR80757432 | Qty registrada: 520,Sergio Torres,2026-05-07 13:11:22,2026-05-07 19:11:24
836,EMB-ENT-20260507-191801-795,74,74,EBR37437078,60,60,0,-591,-531,24 VS4M L CRAFT DUAL I/MAKER AMERICA,PCB,LG,pending,SIN-UBICACION,EBR37437078,,QR: EBR37437078 | Qty registrada: 60,Rubi Garcia,2026-05-07 13:18:00,2026-05-07 19:18:01
837,EMB-ENT-20260507-193411-441,388,388,EBR24212302,340,340,0,584,924,NOVA,PCB,LG,pending,SIN-UBICACION,EBR24212302,,QR: EBR24212302 | Qty registrada: 340,Sergio Torres,2026-05-07 13:34:09,2026-05-07 19:34:11
838,EMB-ENT-20260507-194614-279,272,272,EAD00576610,22,22,0,3492,3514,pending,pending,LG,pending,SIN-UBICACION,EAD00576610,,QR: EAD00576610 | Qty registrada: 22,Sergio Torres,2026-05-07 13:46:13,2026-05-07 19:46:14
839,EMB-ENT-20260507-194622-457,243,243,EAD65948153,40,40,0,74,114,pending,pending,LG,pending,SIN-UBICACION,EAD65948153,,QR: EAD65948153 | Qty registrada: 40,Sergio Torres,2026-05-07 13:46:20,2026-05-07 19:46:22
840,EMB-ENT-20260507-194632-323,243,243,EAD65948153,120,120,0,114,234,pending,pending,LG,pending,SIN-UBICACION,EAD65948153,,QR: EAD65948153 | Qty registrada: 120,Sergio Torres,2026-05-07 13:46:31,2026-05-07 19:46:32
841,EMB-ENT-20260507-194641-364,243,243,EAD65948153,20,20,0,234,254,pending,pending,LG,pending,SIN-UBICACION,EAD65948153,,QR: EAD65948153 | Qty registrada: 20,Sergio Torres,2026-05-07 13:46:40,2026-05-07 19:46:42
842,EMB-ENT-20260507-194655-218,236,236,EAD65948148,40,40,0,3008,3048,pending,pending,LG,pending,SIN-UBICACION,EAD65948148,,QR: EAD65948148 | Qty registrada: 40,Sergio Torres,2026-05-07 13:46:54,2026-05-07 19:46:55
843,EMB-ENT-20260507-200413-543,407,407,EBR23966212,80,80,0,-236,-156,VF3_Better_L_USA,NULL,LG,pending,SIN-UBICACION,EBR23966212,,QR: EBR23966212 | Qty registrada: 80,Rubi Garcia,2026-05-07 14:04:12,2026-05-07 20:04:13
844,EMB-ENT-20260507-200426-320,74,74,EBR37437078,60,60,0,-591,-531,24 VS4M L CRAFT DUAL I/MAKER AMERICA,PCB,LG,pending,SIN-UBICACION,EBR37437078,,QR: EBR37437078 | Qty registrada: 60,Rubi Garcia,2026-05-07 14:04:26,2026-05-07 20:04:26
845,EMB-ENT-20260507-200438-212,75,75,EBR37437079,80,80,0,-187,-107,24 VS4M G P DUAL I/MAKER AMERICA,NULL,LG,pending,SIN-UBICACION,EBR37437079,,QR: EBR37437079 | Qty registrada: 80,Rubi Garcia,2026-05-07 14:04:37,2026-05-07 20:04:38
846,EMB-ENT-20260507-200505-674,88,88,EBR80757432,160,160,0,-512,-352,Quantum-T 20,PCB,LG,pending,SIN-UBICACION,EBR80757432,,QR: EBR80757432 | Qty registrada: 160,Rubi Garcia,2026-05-07 14:05:04,2026-05-07 20:05:05
847,EMB-ENT-20260507-202512-599,18,18,EBR30299363,280,280,0,-554,-274,RAPTOR,PCB,LG,pending,SIN-UBICACION,EBR30299363,,QR: EBR30299363 | Qty registrada: 280,Braulio Meza,2026-05-07 14:25:09,2026-05-07 20:25:12
848,EMB-ENT-20260507-202802-645,329,329,ACQ30372839,80,80,0,-891,-811,VS,Display,LG,pending,SIN-UBICACION,ACQ30372839,,QR: ACQ30372839 | Qty registrada: 80,Braulio Meza,2026-05-07 14:27:59,2026-05-07 20:28:02
849,EMB-ENT-20260507-202810-289,18,18,EBR30299363,60,60,0,-274,-214,RAPTOR,PCB,LG,pending,SIN-UBICACION,EBR30299363,,QR: EBR30299363 | Qty registrada: 60,Braulio Meza,2026-05-07 14:28:08,2026-05-07 20:28:10
850,EMB-ENT-20260507-202825-722,142,142,ABQ30226610,120,120,0,-833,-713,pending,pending,LG,pending,SIN-UBICACION,ABQ30226610,,QR: ABQ30226610 | Qty registrada: 120,Braulio Meza,2026-05-07 14:28:23,2026-05-07 20:28:25
851,EMB-ENT-20260507-202840-740,407,407,EBR23966212,100,100,0,-236,-136,VF3_Better_L_USA,NULL,LG,pending,SIN-UBICACION,EBR23966212,,QR: EBR23966212 | Qty registrada: 100,Braulio Meza,2026-05-07 14:28:37,2026-05-07 20:28:40
852,EMB-ENT-20260507-204128-779,329,329,ACQ30372839,80,80,0,-811,-731,VS,Display,LG,pending,SIN-UBICACION,ACQ30372839,,QR: ACQ30372839 | Qty registrada: 80,Rubi Garcia,2026-05-07 14:41:27,2026-05-07 20:41:28
853,EMB-ENT-20260507-205218-210,236,236,EAD65948148,160,160,0,3018,3178,pending,pending,LG,pending,SIN-UBICACION,EAD65948148,,QR: EAD65948148 | Qty registrada: 160,Sergio Torres,2026-05-07 14:52:16,2026-05-07 20:52:18
854,EMB-ENT-20260507-211209-550,18,18,EBR30299363,120,120,0,-394,-274,RAPTOR,PCB,LG,pending,SIN-UBICACION,EBR30299363,,QR: EBR30299363 | Qty registrada: 120,Braulio Meza,2026-05-07 15:12:06,2026-05-07 21:12:09
855,EMB-ENT-20260507-211226-837,407,407,EBR23966212,70,70,0,-246,-176,VF3_Better_L_USA,NULL,LG,pending,SIN-UBICACION,EBR23966212,,QR: EBR23966212 | Qty registrada: 70,Braulio Meza,2026-05-07 15:12:23,2026-05-07 21:12:26
856,EMB-ENT-20260507-213822-212,18,18,EBR30299363,60,60,0,-554,-494,RAPTOR,PCB,LG,pending,SIN-UBICACION,EBR30299363,,QR: EBR30299363 | Qty registrada: 60,Braulio Meza,2026-05-07 15:38:22,2026-05-07 21:38:22
857,EMB-ENT-20260507-220154-776,236,236,EAD65948148,160,160,0,3178,3338,pending,pending,LG,pending,SIN-UBICACION,EAD65948148,,QR: EAD65948148 | Qty registrada: 160,Sergio Torres,2026-05-07 16:01:52,2026-05-07 22:01:54
858,EMB-ENT-20260507-221437-940,409,409,EBR23966214,27,27,0,73,100,pending,pending,LG,pending,SIN-UBICACION,EBR23966214,,QR: EBR23966214 | Qty registrada: 27,Sergio Torres,2026-05-07 16:14:35,2026-05-07 22:14:37
859,EMB-ENT-20260507-221453-445,88,88,EBR80757432,56,56,0,-352,-296,Quantum-T 20,PCB,LG,pending,SIN-UBICACION,EBR80757432,,QR: EBR80757432 | Qty registrada: 56,Sergio Torres,2026-05-07 16:14:51,2026-05-07 22:14:53
860,EMB-ENT-20260507-221507-719,74,74,EBR37437078,20,20,0,-591,-571,24 VS4M L CRAFT DUAL I/MAKER AMERICA,PCB,LG,pending,SIN-UBICACION,EBR37437078,,QR: EBR37437078 | Qty registrada: 20,Sergio Torres,2026-05-07 16:15:06,2026-05-07 22:15:07
861,EMB-ENT-20260507-221543-254,408,408,EBR23966213,49,49,0,-405,-356,VF3_Better_L_Single_USA,NULL,LG,pending,SIN-UBICACION,EBR23966213,,QR: EBR23966213 | Qty registrada: 49,Sergio Torres,2026-05-07 16:15:41,2026-05-07 22:15:43
862,EMB-ENT-20260507-224829-320,133,133,ABQ75822467,300,300,0,-1445,-1145,RAPTOR,Case Display,LG,pending,SIN-UBICACION,ABQ75822467,,QR: ABQ75822467 | Qty registrada: 300,Braulio Meza,2026-05-07 16:48:26,2026-05-07 22:48:29
863,EMB-ENT-20260507-225117-286,407,407,EBR23966212,60,60,0,-326,-266,VF3_Better_L_USA,NULL,LG,pending,SIN-UBICACION,EBR23966212,,QR: EBR23966212 | Qty registrada: 60,Sergio Torres,2026-05-07 16:51:15,2026-05-07 22:51:17
864,EMB-ENT-20260507-225127-558,18,18,EBR30299363,107,107,0,-554,-447,RAPTOR,PCB,LG,pending,SIN-UBICACION,EBR30299363,,QR: EBR30299363 | Qty registrada: 107,Braulio Meza,2026-05-07 16:51:24,2026-05-07 22:51:27
865,EMB-ENT-20260507-225144-333,75,75,EBR37437079,40,40,0,-107,-67,24 VS4M G P DUAL I/MAKER AMERICA,NULL,LG,pending,SIN-UBICACION,EBR37437079,,QR: EBR37437079 | Qty registrada: 40,Sergio Torres,2026-05-07 16:51:43,2026-05-07 22:51:44
866,EMB-ENT-20260507-225152-392,21,21,EBR30299366,60,60,0,-113,-53,RAPTOR,PCB,LG,pending,SIN-UBICACION,EBR30299366,,QR: EBR30299366 | Qty registrada: 60,Braulio Meza,2026-05-07 16:51:50,2026-05-07 22:51:52
867,EMB-ENT-20260507-225202-651,12,12,EBR30299355,16,16,0,-290,-274,RAPTOR,PCB,LG,pending,SIN-UBICACION,EBR30299355,,QR: EBR30299355 | Qty registrada: 16,Braulio Meza,2026-05-07 16:52:00,2026-05-07 22:52:02
868,EMB-ENT-20260507-230439-205,25,25,EBR30299370,60,60,0,0,60,pending,pending,LG,pending,SIN-UBICACION,EBR30299370,,QR: EBR30299370 | Qty registrada: 60,Braulio Meza,2026-05-07 17:04:36,2026-05-07 23:04:39
869,EMB-ENT-20260507-231908-713,25,25,EBR30299370,60,60,0,0,60,pending,pending,LG,pending,SIN-UBICACION,EBR30299370,,QR: EBR30299370 | Qty registrada: 60,Braulio Meza,2026-05-07 17:19:05,2026-05-07 23:19:08
870,EMB-ENT-20260507-232923-895,236,236,EAD65948148,210,210,0,3338,3548,pending,pending,LG,pending,SIN-UBICACION,EAD65948148,,QR: EAD65948148 | Qty registrada: 210,Sergio Torres,2026-05-07 17:29:21,2026-05-07 23:29:23
871,EMB-ENT-20260507-233715-271,283,283,EBR33105505,20,20,0,-1055,-1035,VT,PCB,LG,pending,SIN-UBICACION,EBR33105505,,QR: EBR33105505 | Qty registrada: 20,Braulio Meza,2026-05-07 17:37:12,2026-05-07 23:37:15
872,EMB-ENT-20260508-135019-779,406,406,EBR23966211,240,240,0,-1155,-915,VF3_W_USA,NULL,LG,pending,SIN-UBICACION,EBR23966211,,QR: EBR23966211 | Qty registrada: 240,Braulio Meza,2026-05-08 07:50:16,2026-05-08 13:50:19
873,EMB-ENT-20260508-140104-327,25,25,EBR30299370,60,60,0,0,60,pending,pending,LG,pending,SIN-UBICACION,EBR30299370,,QR: EBR30299370 | Qty registrada: 60,Rubi Garcia,2026-05-08 08:01:03,2026-05-08 14:01:04
874,EMB-ENT-20260508-140736-190,133,133,ABQ75822467,120,120,0,-1445,-1325,RAPTOR,Case Display,LG,pending,SIN-UBICACION,ABQ75822467,,QR: ABQ75822467 | Qty registrada: 120,Rubi Garcia,2026-05-08 08:07:34,2026-05-08 14:07:36
875,EMB-ENT-20260508-141354-966,85,85,EBR80757422,114,114,0,-852,-738,QUANTUM-T,PCB,LG,pending,SIN-UBICACION,EBR80757422,,QR: EBR80757422 | Qty registrada: 114,Rubi Garcia,2026-05-08 08:13:54,2026-05-08 14:13:54
876,EMB-ENT-20260508-142941-101,88,88,EBR80757432,100,100,0,-296,-196,Quantum-T 20,PCB,LG,pending,SIN-UBICACION,EBR80757432,,QR: EBR80757432 | Qty registrada: 100,Braulio Meza,2026-05-08 08:29:38,2026-05-08 14:29:41
877,EMB-ENT-20260508-144123-705,19,19,EBR30299364,180,180,0,-176,4,RAPTOR,PCB,LG,pending,SIN-UBICACION,EBR30299364,,QR: EBR30299364 | Qty registrada: 180,Sergio Torres,2026-05-08 08:41:21,2026-05-08 14:41:23
878,EMB-ENT-20260508-144150-935,236,236,EAD65948148,120,120,0,3428,3548,pending,pending,LG,pending,SIN-UBICACION,EAD65948148,,QR: EAD65948148 | Qty registrada: 120,Sergio Torres,2026-05-08 08:41:48,2026-05-08 14:41:50
879,EMB-ENT-20260508-150031-475,74,74,EBR37437078,220,220,0,-571,-351,24 VS4M L CRAFT DUAL I/MAKER AMERICA,PCB,LG,pending,SIN-UBICACION,EBR37437078,,QR: EBR37437078 | Qty registrada: 220,Sergio Torres,2026-05-08 09:00:29,2026-05-08 15:00:31
880,EMB-ENT-20260508-150043-676,408,408,EBR23966213,20,20,0,-356,-336,VF3_Better_L_Single_USA,NULL,LG,pending,SIN-UBICACION,EBR23966213,,QR: EBR23966213 | Qty registrada: 20,Sergio Torres,2026-05-08 09:00:42,2026-05-08 15:00:43
881,EMB-ENT-20260508-150746-635,408,408,EBR23966213,20,20,0,-336,-316,VF3_Better_L_Single_USA,NULL,LG,pending,SIN-UBICACION,EBR23966213,,QR: EBR23966213 | Qty registrada: 20,Sergio Torres,2026-05-08 09:07:44,2026-05-08 15:07:46
882,EMB-ENT-20260508-150759-960,88,88,EBR80757432,20,20,0,-456,-436,Quantum-T 20,PCB,LG,pending,SIN-UBICACION,EBR80757432,,QR: EBR80757432 | Qty registrada: 20,Sergio Torres,2026-05-08 09:07:57,2026-05-08 15:07:59
883,EMB-ENT-20260508-150820-661,283,283,EBR33105505,80,80,0,-1045,-965,VT,PCB,LG,pending,SIN-UBICACION,EBR33105505,,QR: EBR33105505 | Qty registrada: 80,Sergio Torres,2026-05-08 09:08:18,2026-05-08 15:08:20
884,EMB-ENT-20260508-150839-158,75,75,EBR37437079,119,52,0,-67,52,24 VS4M G P DUAL I/MAKER AMERICA,NULL,LG,pending,SIN-UBICACION,EBR37437079,,QR: EBR37437079 | Qty registrada: 119,Sergio Torres,2026-05-08 09:08:37,2026-05-08 15:08:39
885,EMB-ENT-20260508-153904-531,406,406,EBR23966211,230,230,0,-1155,-925,VF3_W_USA,NULL,LG,pending,SIN-UBICACION,EBR23966211,,QR: EBR23966211 | Qty registrada: 230,Sergio Torres,2026-05-08 09:39:02,2026-05-08 15:39:05
886,EMB-ENT-20260508-153922-973,407,407,EBR23966212,10,10,0,-266,-256,VF3_Better_L_USA,NULL,LG,pending,SIN-UBICACION,EBR23966212,,QR: EBR23966212 | Qty registrada: 10,Sergio Torres,2026-05-08 09:39:20,2026-05-08 15:39:22
887,EMB-ENT-20260508-161944-568,25,25,EBR30299370,280,220,0,0,280,pending,pending,LG,pending,SIN-UBICACION,EBR30299370,,QR: EBR30299370 | Qty registrada: 280,Sergio Torres,2026-05-08 10:19:42,2026-05-08 16:19:44
888,EMB-ENT-20260508-162004-136,19,19,EBR30299364,20,20,0,4,24,RAPTOR,PCB,LG,pending,SIN-UBICACION,EBR30299364,,QR: EBR30299364 | Qty registrada: 20,Sergio Torres,2026-05-08 10:20:02,2026-05-08 16:20:04
889,EMB-ENT-20260508-163856-343,351,351,EBR42005001,480,480,0,1187,1667,LUPIN,PCB,LG,pending,SIN-UBICACION,EBR42005001,,QR: EBR42005001 | Qty registrada: 480,Sergio Torres,2026-05-08 10:38:54,2026-05-08 16:38:56
890,EMB-ENT-20260508-164555-948,406,406,EBR23966211,60,60,0,-1145,-1085,VF3_W_USA,NULL,LG,pending,SIN-UBICACION,EBR23966211,,QR: EBR23966211 | Qty registrada: 60,Sergio Torres,2026-05-08 10:45:53,2026-05-08 16:45:56
891,EMB-ENT-20260508-165144-784,330,330,ACQ30372840,160,9,0,-37,123,VS,Display,LG,pending,SIN-UBICACION,ACQ30372840,,QR: ACQ30372840 | Qty registrada: 160,Rubi Garcia,2026-05-08 10:51:43,2026-05-08 16:51:44
892,EMB-ENT-20260508-165927-341,56,56,EBR37437059,60,60,0,-30,30,VS,PCB,LG,pending,SIN-UBICACION,EBR37437059,,QR: EBR37437059 | Qty registrada: 60,Rubi Garcia,2026-05-08 10:59:27,2026-05-08 16:59:27
893,EMB-ENT-20260508-170510-172,75,75,EBR37437079,135,135,0,52,187,24 VS4M G P DUAL I/MAKER AMERICA,NULL,LG,pending,SIN-UBICACION,EBR37437079,,QR: EBR37437079 | Qty registrada: 135,Sergio Torres,2026-05-08 11:05:07,2026-05-08 17:05:10
894,EMB-ENT-20260508-172538-336,12,12,EBR30299355,180,64,0,-274,-94,RAPTOR,PCB,LG,pending,SIN-UBICACION,EBR30299355,,QR: EBR30299355 | Qty registrada: 180,Sergio Torres,2026-05-08 11:25:36,2026-05-08 17:25:38
895,EMB-ENT-20260508-172556-908,25,25,EBR30299370,60,60,0,280,340,pending,pending,LG,pending,SIN-UBICACION,EBR30299370,,QR: EBR30299370 | Qty registrada: 60,Sergio Torres,2026-05-08 11:25:54,2026-05-08 17:25:57
896,EMB-ENT-20260508-173654-646,406,406,EBR23966211,50,50,0,-1085,-1035,VF3_W_USA,NULL,LG,pending,SIN-UBICACION,EBR23966211,,QR: EBR23966211 | Qty registrada: 50,Sergio Torres,2026-05-08 11:36:52,2026-05-08 17:36:54
897,EMB-ENT-20260508-174809-324,142,142,ABQ30226610,408,408,0,-833,-425,pending,pending,LG,pending,SIN-UBICACION,ABQ30226610,,QR: ABQ30226610 | Qty registrada: 408,Sergio Torres,2026-05-08 11:48:07,2026-05-08 17:48:09
898,EMB-ENT-20260508-174838-815,392,392,EBR24212306,96,96,0,2201,2297,MM Nova Basic Gas,NULL,LG,pending,SIN-UBICACION,EBR24212306,,QR: EBR24212306 | Qty registrada: 96,Sergio Torres,2026-05-08 11:48:36,2026-05-08 17:48:38
899,EMB-ENT-20260508-175806-348,391,391,EBR24212304,120,120,0,1641,1761,NOVA,PCB,LG,pending,SIN-UBICACION,EBR24212304,,QR: EBR24212304 | Qty registrada: 120,Sergio Torres,2026-05-08 11:58:04,2026-05-08 17:58:06
900,EMB-ENT-20260508-185108-733,391,391,EBR24212304,100,100,0,1761,1861,NOVA,PCB,LG,pending,SIN-UBICACION,EBR24212304,,QR: EBR24212304 | Qty registrada: 100,Sergio Torres,2026-05-08 12:51:06,2026-05-08 18:51:08
901,EMB-ENT-20260508-191040-993,14,14,EBR30299358,300,300,0,0,300,QUANTUM-B,PCB,LG,pending,SIN-UBICACION,EBR30299358,,QR: EBR30299358 | Qty registrada: 300,Sergio Torres,2026-05-08 13:10:38,2026-05-08 19:10:40
902,EMB-ENT-20260508-191702-798,56,56,EBR37437059,80,30,0,30,110,VS,PCB,LG,pending,SIN-UBICACION,EBR37437059,,QR: EBR37437059 | Qty registrada: 80,Sergio Torres,2026-05-08 13:17:00,2026-05-08 19:17:02
903,EMB-ENT-20260508-193109-457,84,84,EBR80757421,200,200,0,-1184,-984,QUANTUM-T,PCB,LG,pending,SIN-UBICACION,EBR80757421,,QR: EBR80757421 | Qty registrada: 200,Braulio Meza,2026-05-08 13:31:06,2026-05-08 19:31:09
904,EMB-ENT-20260508-194314-441,14,14,EBR30299358,120,120,0,40,160,QUANTUM-B,PCB,LG,pending,SIN-UBICACION,EBR30299358,,QR: EBR30299358 | Qty registrada: 120,Sergio Torres,2026-05-08 13:43:12,2026-05-08 19:43:14
905,EMB-ENT-20260508-194335-795,12,12,EBR30299355,40,40,0,-254,-214,RAPTOR,PCB,LG,pending,SIN-UBICACION,EBR30299355,,QR: EBR30299355 | Qty registrada: 40,Sergio Torres,2026-05-08 13:43:33,2026-05-08 19:43:36
906,EMB-LYR-46,405,405,EBR23966210,25,20,1,0,25,VF1_Better_B_DI_100V,PCB MAIN,LG,pending,,RETORNO:EMB-RET-20260504-182440-997,,Capa FIFO generada por retorno,Rubi Garcia,2026-05-04 18:24:40,2026-05-08 19:50:15
907,EMB-LYR-50,405,405,EBR23966210,5,5,1,0,5,VF1_Better_B_DI_100V,PCB MAIN,LG,pending,,RETORNO:EMB-RET-20260504-183303-752,,Capa FIFO generada por retorno,Rubi Garcia,2026-05-04 18:33:03,2026-05-08 19:50:15
908,EMB-ENT-20260508-195815-636,18,18,EBR30299363,60,60,0,-527,-467,RAPTOR,PCB,LG,pending,SIN-UBICACION,EBR30299363,,QR: EBR30299363 | Qty registrada: 60,Sergio Torres,2026-05-08 13:58:13,2026-05-08 19:58:15
909,EMB-ENT-20260508-201202-928,236,236,EAD65948148,160,160,0,3548,3708,pending,pending,LG,pending,SIN-UBICACION,EAD65948148,,QR: EAD65948148 | Qty registrada: 160,Sergio Torres,2026-05-08 14:12:00,2026-05-08 20:12:02
910,EMB-ENT-20260508-201231-637,236,236,EAD65948148,90,90,0,3708,3798,pending,pending,LG,pending,SIN-UBICACION,EAD65948148,,QR: EAD65948148 | Qty registrada: 90,Sergio Torres,2026-05-08 14:12:29,2026-05-08 20:12:31
911,EMB-ENT-20260508-201243-898,236,236,EAD65948148,20,20,0,3798,3818,pending,pending,LG,pending,SIN-UBICACION,EAD65948148,,QR: EAD65948148 | Qty registrada: 20,Sergio Torres,2026-05-08 14:12:41,2026-05-08 20:12:43
912,EMB-ENT-20260508-201709-985,570,570,ACQ91482496,90,90,0,-499,-409,pending,pending,LG,pending,SIN-UBICACION,ACQ91482496,,QR: ACQ91482496 | Qty registrada: 90,Braulio Meza,2026-05-08 14:17:06,2026-05-08 20:17:09
913,EMB-ENT-20260508-203011-107,570,570,ACQ91482496,60,60,0,-599,-539,pending,pending,LG,pending,SIN-UBICACION,ACQ91482496,,QR: ACQ91482496 | Qty registrada: 60,Braulio Meza,2026-05-08 14:30:08,2026-05-08 20:30:11
914,EMB-ENT-20260508-203021-178,85,85,EBR80757422,120,120,0,-1032,-912,QUANTUM-T,PCB,LG,pending,SIN-UBICACION,EBR80757422,,QR: EBR80757422 | Qty registrada: 120,Braulio Meza,2026-05-08 14:30:18,2026-05-08 20:30:21
915,EMB-LYR-20260508-152443-560,336,336,ACQ30372853,160,160,1,0,160,RAPTOR,Display,LG,pending,,RETORNO:EMB-RET-20260508-152442-255,,Capa FIFO generada por retorno,Rubi Garcia,2026-05-08 15:24:42,2026-05-08 21:24:43
916,EMB-LYR-20260508-152514-639,96,96,EBR87463715,20,20,1,0,20,Raptor2 L Refresh,NULL,LG,pending,,RETORNO:EMB-RET-20260508-152514-297,,Capa FIFO generada por retorno,Rubi Garcia,2026-05-08 15:25:14,2026-05-08 21:25:14
917,EMB-LYR-20260508-152711-361,402,402,EBR23966207,170,170,1,0,170,VF1_Better_X,NULL,LG,pending,,RETORNO:EMB-RET-20260508-152711-238,,Capa FIFO generada por retorno,Rubi Garcia,2026-05-08 15:27:11,2026-05-08 21:27:12
918,EMB-LYR-20260508-152737-733,3,3,EBR82230426,90,90,1,0,90,OMEGA 7,PCB,LG,pending,,RETORNO:EMB-RET-20260508-152736-334,,Capa FIFO generada por retorno,Rubi Garcia,2026-05-08 15:27:36,2026-05-08 21:27:37
919,EMB-LYR-20260508-152808-198,56,56,EBR37437059,10,10,1,0,10,VS,PCB,LG,pending,,RETORNO:EMB-RET-20260508-152808-766,,Capa FIFO generada por retorno,Rubi Garcia,2026-05-08 15:28:08,2026-05-08 21:28:09
920,EMB-LYR-20260508-152817-226,68,68,EBR37437072,20,20,1,0,20,24 VS6M J NP SINGLE I/MAKER MEXICO,NULL,LG,pending,,RETORNO:EMB-RET-20260508-152817-193,,Capa FIFO generada por retorno,Rubi Garcia,2026-05-08 15:28:17,2026-05-08 21:28:17
921,EMB-LYR-20260508-152828-912,299,299,EBR41039152,52,52,1,0,52,MAJESTY,PCB,LG,pending,,RETORNO:EMB-RET-20260508-152828-776,,Capa FIFO generada por retorno,Rubi Garcia,2026-05-08 15:28:28,2026-05-08 21:28:28
922,EMB-LYR-20260508-152837-478,405,405,EBR23966210,10,10,1,0,10,VF1_Better_B_DI_100V,PCB MAIN,LG,pending,,RETORNO:EMB-RET-20260508-152837-733,,Capa FIFO generada por retorno,Rubi Garcia,2026-05-08 15:28:37,2026-05-08 21:28:37
923,EMB-LYR-20260508-152846-255,410,410,EBR23966221,10,10,1,0,10,VF1_Better_L_MN,NULL,LG,pending,,RETORNO:EMB-RET-20260508-152846-556,,Capa FIFO generada por retorno,Rubi Garcia,2026-05-08 15:28:46,2026-05-08 21:28:46
924,EMB-LYR-20260508-152855-622,296,296,EBR41039122,40,40,1,0,40,pending,pending,LG,pending,,RETORNO:EMB-RET-20260508-152855-703,,Capa FIFO generada por retorno,Rubi Garcia,2026-05-08 15:28:55,2026-05-08 21:28:55
925,EMB-ENT-20260508-213457-255,329,329,ACQ30372839,160,160,0,-965,-805,VS,Display,LG,pending,SIN-UBICACION,ACQ30372839,,QR: ACQ30372839 | Qty registrada: 160,Braulio Meza,2026-05-08 15:34:57,2026-05-08 21:34:57
926,EMB-ENT-20260508-213509-464,328,328,ACQ30372837,80,67,0,-13,67,VS,Display,LG,pending,SIN-UBICACION,ACQ30372837,,QR: ACQ30372837 | Qty registrada: 80,Braulio Meza,2026-05-08 15:35:09,2026-05-08 21:35:09
927,EMB-ENT-20260508-214202-382,128,128,ABQ75822457,240,240,0,0,240,pending,pending,LG,pending,SIN-UBICACION,ABQ75822457,,QR: ABQ75822457 | Qty registrada: 240,Braulio Meza,2026-05-08 15:41:59,2026-05-08 21:42:02
928,EMB-ENT-20260508-214217-644,126,126,ABQ75822454,100,100,0,-259,-159,RAPTOR,Case Display,LG,pending,SIN-UBICACION,ABQ75822454,,QR: ABQ75822454 | Qty registrada: 100,Braulio Meza,2026-05-08 15:42:15,2026-05-08 21:42:17
929,EMB-ENT-20260508-214233-726,129,129,ABQ75822458,60,60,0,0,60,pending,pending,LG,pending,SIN-UBICACION,ABQ75822458,,QR: ABQ75822458 | Qty registrada: 60,Braulio Meza,2026-05-08 15:42:31,2026-05-08 21:42:34
930,EMB-ENT-20260508-214234-526,391,391,EBR24212304,120,120,0,1641,1761,NOVA,PCB,LG,pending,SIN-UBICACION,EBR24212304,,QR: EBR24212304 | Qty registrada: 120,Braulio Meza,2026-05-08 15:42:34,2026-05-08 21:42:34
931,EMB-ENT-20260508-215218-127,391,391,EBR24212304,60,60,0,1581,1641,NOVA,PCB,LG,pending,SIN-UBICACION,EBR24212304,,QR: EBR24212304 | Qty registrada: 60,Braulio Meza,2026-05-08 15:52:18,2026-05-08 21:52:18
932,EMB-ENT-20260508-224025-663,66,66,EBR37437070,120,120,0,-50,70,pending,pending,LG,pending,SIN-UBICACION,EBR37437070,,QR: EBR37437070 | Qty registrada: 120,Braulio Meza,2026-05-08 16:40:22,2026-05-08 22:40:25
933,EMB-ENT-20260508-224220-379,570,570,ACQ91482496,120,120,0,-449,-329,pending,pending,LG,pending,SIN-UBICACION,ACQ91482496,,QR: ACQ91482496 | Qty registrada: 120,Braulio Meza,2026-05-08 16:42:17,2026-05-08 22:42:20
934,EMB-ENT-20260508-230519-409,99,99,EBR87463760,120,120,0,-512,-392,Majesty1,PCB MAIN,LG,pending,SIN-UBICACION,EBR87463760,,QR: EBR87463760 | Qty registrada: 120,Braulio Meza,2026-05-08 17:05:18,2026-05-08 23:05:19
935,EMB-ENT-20260508-230526-200,570,570,ACQ91482496,30,30,0,-499,-469,pending,pending,LG,pending,SIN-UBICACION,ACQ91482496,,QR: ACQ91482496 | Qty registrada: 30,Braulio Meza,2026-05-08 17:05:26,2026-05-08 23:05:26
936,EMB-ENT-20260508-231248-683,18,18,EBR30299363,300,300,0,-467,-167,RAPTOR,PCB,LG,pending,SIN-UBICACION,EBR30299363,,QR: EBR30299363 | Qty registrada: 300,Sergio Torres,2026-05-08 17:12:46,2026-05-08 23:12:48
937,EMB-ENT-20260508-232231-181,14,14,EBR30299358,98,98,0,120,218,QUANTUM-B,PCB,LG,pending,SIN-UBICACION,EBR30299358,,QR: EBR30299358 | Qty registrada: 98,Sergio Torres,2026-05-08 17:22:28,2026-05-08 23:22:31
938,EMB-ENT-20260508-232243-213,19,19,EBR30299364,29,29,0,-176,-147,RAPTOR,PCB,LG,pending,SIN-UBICACION,EBR30299364,,QR: EBR30299364 | Qty registrada: 29,Sergio Torres,2026-05-08 17:22:42,2026-05-08 23:22:43
939,EMB-ENT-20260508-232347-900,18,18,EBR30299363,40,40,0,-167,-127,RAPTOR,PCB,LG,pending,SIN-UBICACION,EBR30299363,,QR: EBR30299363 | Qty registrada: 40,Sergio Torres,2026-05-08 17:23:45,2026-05-08 23:23:47
940,EMB-LYR-33,409,409,EBR23966214,5,5,1,0,5,pending,pending,LG,pending,,RETORNO:EMB-RET-20260504-175013-911,,Capa FIFO generada por retorno,Rubi Garcia,2026-05-04 17:50:13,2026-05-08 23:26:04
941,EMB-LYR-9,284,284,EBR33828703,22,22,1,0,22,VT,PCB,LG,pending,,RETORNO:EMB-RET-20260504-174053-129,,Capa FIFO generada por retorno,Rubi Garcia,2026-05-04 17:40:53,2026-05-08 23:29:08
942,EMB-ENT-20260509-002041-995,317,317,ACQ30372826,480,480,0,-915,-435,VS,Display,LG,pending,SIN-UBICACION,ACQ30372826,,QR: ACQ30372826 | Qty registrada: 480,Braulio Meza,2026-05-08 18:20:38,2026-05-09 00:20:41
943,EMB-ENT-20260509-002055-305,343,343,ACQ30500837,54,54,0,80,134,pending,pending,LG,pending,SIN-UBICACION,ACQ30500837,,QR: ACQ30500837 | Qty registrada: 54,Braulio Meza,2026-05-08 18:20:52,2026-05-09 00:20:55
944,EMB-ENT-20260509-002102-815,336,336,ACQ30372853,79,79,0,525,604,RAPTOR,Display,LG,pending,SIN-UBICACION,ACQ30372853,,QR: ACQ30372853 | Qty registrada: 79,Braulio Meza,2026-05-08 18:21:00,2026-05-09 00:21:03
945,EMB-ENT-20260509-002112-856,336,336,ACQ30372853,79,79,0,604,683,RAPTOR,Display,LG,pending,SIN-UBICACION,ACQ30372853,,QR: ACQ30372853 | Qty registrada: 79,Braulio Meza,2026-05-08 18:21:10,2026-05-09 00:21:12
946,EMB-ENT-20260509-002119-691,391,391,EBR24212304,60,60,0,1641,1701,NOVA,PCB,LG,pending,SIN-UBICACION,EBR24212304,,QR: EBR24212304 | Qty registrada: 60,Braulio Meza,2026-05-08 18:21:16,2026-05-09 00:21:19
947,EMB-ENT-20260509-002153-218,56,56,EBR37437059,18,18,0,-20,-2,VS,PCB,LG,pending,SIN-UBICACION,EBR37437059,,QR: EBR37437059 | Qty registrada: 18,Braulio Meza,2026-05-08 18:21:50,2026-05-09 00:21:53
948,EMB-ENT-20260509-002206-240,87,87,EBR80757431,9,9,0,-565,-556,pending,pending,LG,pending,SIN-UBICACION,EBR80757431,,QR: EBR80757431 | Qty registrada: 9,Braulio Meza,2026-05-08 18:22:03,2026-05-09 00:22:06
949,EMB-ENT-20260509-002217-161,84,84,EBR80757421,19,19,0,-1024,-1005,QUANTUM-T,PCB,LG,pending,SIN-UBICACION,EBR80757421,,QR: EBR80757421 | Qty registrada: 19,Braulio Meza,2026-05-08 18:22:14,2026-05-09 00:22:17
950,EMB-ENT-20260509-002223-556,85,85,EBR80757422,12,12,0,-1012,-1000,QUANTUM-T,PCB,LG,pending,SIN-UBICACION,EBR80757422,,QR: EBR80757422 | Qty registrada: 12,Braulio Meza,2026-05-08 18:22:21,2026-05-09 00:22:23
951,EMB-ENT-20260509-002236-293,75,75,EBR37437079,50,50,0,187,237,24 VS4M G P DUAL I/MAKER AMERICA,NULL,LG,pending,SIN-UBICACION,EBR37437079,,QR: EBR37437079 | Qty registrada: 50,Braulio Meza,2026-05-08 18:22:33,2026-05-09 00:22:36
952,EMB-ENT-20260509-022849-107,13,13,EBR30299357,297,297,0,5,302,QUANTUM-B,PCB,LG,pending,SIN-UBICACION,EBR30299357,,QR: EBR30299357 | Qty registrada: 297,Braulio Meza,2026-05-08 20:28:46,2026-05-09 02:28:49
953,EMB-LYR-20260508-205208-790,296,296,EBR41039122,20,20,1,0,20,pending,pending,LG,pending,,RETORNO:EMB-RET-20260508-205208-445,,Capa FIFO generada por retorno,Rubi Garcia,2026-05-08 20:52:08,2026-05-09 02:52:08
954,EMB-LYR-20260508-205218-685,402,402,EBR23966207,10,10,1,0,10,VF1_Better_X,NULL,LG,pending,,RETORNO:EMB-RET-20260508-205218-880,,Capa FIFO generada por retorno,Rubi Garcia,2026-05-08 20:52:18,2026-05-09 02:52:18
