part_number,product_model,customer,system_quantity,csv_current_qty,difference_quantity,applied_initial_quantity,current_before_recalc,entries_since_period_start,exits_since_period_start,return_entries_since_period_start,return_losses_since_period_start,new_current_quantity,status
10210AL-LHTB,pending,LG,0,0,0,0,0,0,0,0,0,0,igual
299226608,pending,LG,0,0,0,0,0,0,0,0,0,0,igual
35965-0290,pending,LG,0,0,0,0,0,0,0,0,0,0,igual
6871JB1410J,pending,LG,0,0,0,0,0,0,0,0,0,0,igual
6871JB1410P,pending,LG,0,0,0,0,0,0,0,0,0,0,igual
6871JB1439A,pending,LG,0,0,0,0,0,0,0,0,0,0,igual
6871JB2074G,pending,LG,0,0,0,0,0,0,0,0,0,0,igual
6871JK1005Q,pending,LG,0,0,0,0,0,0,0,0,0,0,igual
6871JK1005R,pending,LG,0,0,0,0,0,0,0,0,0,0,igual
6871JK1005S,pending,LG,0,0,0,0,0,0,0,0,0,0,igual
6871JK1005U,pending,LG,0,0,0,0,0,0,0,0,0,0,igual
6871JK1011G,pending,LG,0,0,0,0,0,0,0,0,0,0,igual
6871JK2010A,pending,LG,0,0,0,0,0,0,0,0,0,0,igual
6871W1N010G,pending,LG,0,0,0,0,0,0,0,0,0,0,igual
6877JB1384M,pending,LG,0,0,0,0,0,0,0,0,0,0,igual
6877JB2040H,pending,LG,0,0,0,0,0,0,0,0,0,0,igual
6877JB2040M,pending,LG,0,0,0,0,0,0,0,0,0,0,igual
ABQ30226610,pending,LG,-209,749,958,749,-425,1315,1740,218,9,533,diferencia
ABQ30226611,pending,LG,-80,294,374,294,0,0,0,80,0,374,diferencia
ABQ73082001,pending,LG,0,0,0,0,0,0,0,0,0,0,igual
ABQ73082002,pending,LG,0,0,0,0,0,0,0,0,0,0,igual
ABQ73083818,pending,LG,0,0,0,0,0,0,0,0,0,0,igual
ABQ74229132,17 Mal Basic Ecuador,LG,120,349,229,349,-164,0,330,62,16,65,diferencia
ABQ74229133,Mal Basic Disruptive Mexico,LG,-119,349,468,349,-109,281,420,178,29,359,diferencia
ABQ74229134,17 Mal Basic STS NA,LG,0,29,29,29,0,0,0,0,0,29,diferencia
ABQ74229139,Mal Instaview Only glass Mexico,LG,0,89,89,89,0,0,0,0,0,89,diferencia
ABQ74229140,Mal Instaview Only glass Mexico STS,LG,-67,271,338,271,-102,358,550,164,7,236,diferencia
ABQ74229141,Mal Instaview Only glass PNM STS F+I/M,LG,-90,70,160,70,-99,0,20,22,11,61,diferencia
ABQ74229142,Mal Instaview Only glass CLM MC F+I/M,LG,0,39,39,39,0,0,0,0,0,39,diferencia
ABQ74229143,MAJESTY,LG,-101,0,101,0,14,74,60,112,11,115,diferencia
ABQ74229144,MAJESTY,LG,0,157,157,157,0,0,0,0,0,157,diferencia
ABQ74229147,MAJESTY,LG,0,34,34,34,0,0,0,0,0,34,diferencia
ABQ75002401,pending,LG,0,0,0,0,0,0,0,0,0,0,igual
ABQ75822401,QUANTUM-B,LG,0,35,35,35,0,0,0,0,0,35,diferencia
ABQ75822407,pending,LG,0,0,0,0,0,0,0,0,0,0,igual
ABQ75822411,pending,LG,0,0,0,0,0,0,0,0,0,0,igual
ABQ75822414,RAPTOR,LG,0,0,0,0,0,0,0,0,0,0,igual
ABQ75822415,RAPTOR,LG,0,66,66,66,0,0,0,0,0,66,diferencia
ABQ75822416,RAPTOR,LG,0,111,111,111,0,0,0,0,0,111,diferencia
ABQ75822433,RAPTOR,LG,0,82,82,82,0,0,0,0,0,82,diferencia
ABQ75822434,RAPTOR,LG,0,54,54,54,0,0,0,0,0,54,diferencia
ABQ75822436,RAPTOR,LG,0,38,38,38,0,0,0,0,0,38,diferencia
ABQ75822437,pending,LG,0,0,0,0,0,0,0,0,0,0,igual
ABQ75822438,pending,LG,0,0,0,0,0,0,0,0,0,0,igual
ABQ75822439,QUANTUM-B,LG,0,168,168,168,0,0,0,0,0,168,diferencia
ABQ75822446,RAPTOR,LG,0,62,62,62,0,0,0,0,0,62,diferencia
ABQ75822447,QUANTUM-B,LG,0,50,50,50,0,0,0,0,0,50,diferencia
ABQ75822448,pending,LG,0,0,0,0,0,0,0,0,0,0,igual
ABQ75822449,RAPTOR,LG,0,85,85,85,0,0,0,0,0,85,diferencia
ABQ75822452,QUANTUM-B,LG,0,98,98,98,0,0,0,0,0,98,diferencia
ABQ75822453,QUANTUM-B,LG,0,39,39,39,0,0,0,0,0,39,diferencia
ABQ75822454,RAPTOR,LG,120,388,268,388,-179,441,800,60,0,89,diferencia
ABQ75822455,RAPTOR,LG,0,51,51,51,0,0,0,0,0,51,diferencia
ABQ75822457,pending,LG,0,86,86,86,0,240,240,0,0,86,diferencia
ABQ75822458,pending,LG,0,54,54,54,-20,60,80,0,0,34,diferencia
ABQ75822459,RAPTOR,LG,0,42,42,42,0,0,0,0,0,42,diferencia
ABQ75822460,pending,LG,0,0,0,0,0,0,0,0,0,0,igual
ABQ75822461,QUANTUM-B,LG,0,47,47,47,0,0,0,0,0,47,diferencia
ABQ75822462,pending,LG,0,43,43,43,0,0,0,0,0,43,diferencia
ABQ75822466,RAPTOR,LG,0,53,53,53,0,0,0,0,0,53,diferencia
ABQ75822467,RAPTOR,LG,-1532,137,1669,137,-1445,1566,1520,42,1,224,diferencia
ABQ75822468,RAPTOR,LG,-5,110,115,110,-80,280,360,5,0,35,diferencia
ABQ75822469,RAPTOR,LG,0,63,63,63,0,0,0,0,0,63,diferencia
ABQ75822470,RAPTOR,LG,0,52,52,52,0,0,0,0,0,52,diferencia
ABQ75822471,QUANTUM-B,LG,0,125,125,125,0,0,0,0,0,125,diferencia
ABQ75822472,QUANTUM-B,LG,0,77,77,77,0,0,0,0,0,77,diferencia
ABQ75822473,QUANTUM-B,LG,0,32,32,32,0,0,0,0,0,32,diferencia
ABQ75822474,QUANTUM-B,LG,0,0,0,0,0,0,0,0,0,0,igual
ABQ75822475,RAPTOR,LG,0,22,22,22,0,0,0,0,0,22,diferencia
ACM55859001,pending,LG,0,0,0,0,0,0,0,0,0,0,igual
ACQ30372801,VS,LG,0,0,0,0,0,0,0,0,0,0,igual
ACQ30372802,VS,LG,0,0,0,0,0,0,0,0,0,0,igual
ACQ30372804,VS,LG,0,0,0,0,0,0,0,0,0,0,igual
ACQ30372805,VS,LG,0,15,15,15,0,0,0,0,0,15,diferencia
ACQ30372809,VS,LG,0,0,0,0,0,0,0,0,0,0,igual
ACQ30372810,VS,LG,0,0,0,0,0,0,0,0,0,0,igual
ACQ30372811,VS,LG,0,0,0,0,0,0,0,0,0,0,igual
ACQ30372814,VS,LG,0,0,0,0,0,0,0,0,0,0,igual
ACQ30372816,TAIWAN X,LG,0,0,0,0,0,0,0,0,0,0,igual
ACQ30372818,VS,LG,0,0,0,0,0,0,0,0,0,0,igual
ACQ30372820,VS,LG,0,0,0,0,0,0,0,0,0,0,igual
ACQ30372822,VS,LG,0,0,0,0,0,0,0,0,0,0,igual
ACQ30372825,RAPTOR,LG,0,0,0,0,0,0,0,0,0,0,igual
ACQ30372826,VS,LG,-251,970,1221,970,-435,1196,1380,0,0,786,diferencia
ACQ30372827,VS,LG,-10,256,266,256,-170,0,160,0,0,96,diferencia
ACQ30372828,VS,LG,57,37,-20,37,76,59,40,0,0,56,diferencia
ACQ30372829,VS,LG,-100,55,155,55,-145,10,55,0,0,10,diferencia
ACQ30372830,VS,LG,0,0,0,0,0,0,0,0,0,0,igual
ACQ30372831,VS,LG,0,0,0,0,0,0,0,0,0,0,igual
ACQ30372832,VS,LG,0,0,0,0,0,0,0,0,0,0,igual
ACQ30372833,VS,LG,0,0,0,0,0,0,0,0,0,0,igual
ACQ30372834,VS,LG,0,0,0,0,0,0,0,0,0,0,igual
ACQ30372835,pending,LG,0,0,0,0,0,0,0,0,0,0,igual
ACQ30372836,VS,LG,0,0,0,0,0,0,0,0,0,0,igual
ACQ30372837,VS,LG,0,71,71,71,67,107,40,0,0,138,diferencia
ACQ30372839,VS,LG,-641,324,965,324,-855,400,614,0,0,110,diferencia
ACQ30372840,VS,LG,0,91,91,91,3,163,160,0,0,94,diferencia
ACQ30372841,VS,LG,0,36,36,36,0,0,0,0,0,36,diferencia
ACQ30372849,RAPTOR,LG,-315,372,687,372,-235,0,0,85,5,452,diferencia
ACQ30372850,RAPTOR,LG,-13,80,93,80,13,13,0,26,13,106,diferencia
ACQ30372851,RAPTOR,LG,-514,487,1001,487,-674,0,320,160,0,327,diferencia
ACQ30372852,RAPTOR,LG,-160,69,229,69,-155,0,0,10,5,74,diferencia
ACQ30372853,RAPTOR,LG,160,175,15,175,683,363,0,160,0,698,diferencia
ACQ30372860,RAPTOR,LG,0,3,3,3,0,0,0,0,0,3,diferencia
ACQ30372866,VS,LG,0,314,314,314,-280,80,360,0,0,34,diferencia
ACQ30372868,VS,LG,0,53,53,53,0,0,0,0,0,53,diferencia
ACQ30372869,pending,LG,19,258,239,258,-31,10,60,0,0,208,diferencia
ACQ30372870,pending,LG,0,120,120,120,0,0,0,0,0,120,diferencia
ACQ30449601,pending,LG,0,2,2,2,0,0,0,0,0,2,diferencia
ACQ30449602,pending,LG,0,0,0,0,0,0,0,0,0,0,igual
ACQ30449603,pending,LG,0,10,10,10,0,0,0,0,0,10,diferencia
ACQ30449604,pending,LG,0,0,0,0,0,0,0,0,0,0,igual
ACQ30449605,pending,LG,0,0,0,0,0,0,0,0,0,0,igual
ACQ30449606,pending,LG,0,0,0,0,0,0,0,0,0,0,igual
ACQ30449607,pending,LG,0,145,145,145,0,0,0,0,0,145,diferencia
ACQ30449609,pending,LG,0,109,109,109,0,0,0,0,0,109,diferencia
ACQ30500836,pending,LG,0,80,80,80,0,0,0,0,0,80,diferencia
ACQ30500837,pending,LG,-80,556,636,556,134,134,0,80,0,770,diferencia
ACQ30500839,pending,LG,0,0,0,0,0,0,0,0,0,0,igual
ACQ30500842,pending,LG,20,41,21,41,0,80,100,0,0,21,diferencia
ACQ30500846,pending,LG,-280,213,493,213,-280,0,0,0,0,213,diferencia
ACQ30500847,pending,LG,-235,42,277,42,-184,42,0,18,9,93,diferencia
ACQ30500849,pending,LG,-1327,700,2027,700,-2007,0,700,40,20,20,diferencia
ACQ30500849-M,VF,LG,0,10000,10000,10000,-1344,0,1344,0,0,8656,diferencia
ACQ30500851,pending,LG,-480,609,1089,609,-920,160,600,0,0,169,diferencia
ACQ30500853,pending,LG,-320,149,469,149,-528,880,1089,2,1,-59,diferencia
ACQ33351008,pending,LG,0,0,0,0,0,0,0,0,0,0,igual
ACQ35835929,pending,LG,0,0,0,0,0,0,0,0,0,0,igual
ACQ36835915,pending,LG,0,0,0,0,0,0,0,0,0,0,igual
ACQ36835926,pending,LG,0,0,0,0,0,0,0,0,0,0,igual
ACQ37160701,pending,LG,0,0,0,0,0,0,0,0,0,0,igual
ACQ37160705,pending,LG,0,0,0,0,0,0,0,0,0,0,igual
ACQ75432132,pending,LG,0,0,0,0,0,0,0,0,0,0,igual
ACQ76909302,pending,LG,0,0,0,0,0,0,0,0,0,0,igual
ACQ76909305,pending,LG,0,0,0,0,0,0,0,0,0,0,igual
ACQ76909401,pending,LG,0,0,0,0,0,0,0,0,0,0,igual
ACQ76909402,pending,LG,0,0,0,0,0,0,0,0,0,0,igual
ACQ83112501,pending,LG,0,0,0,0,0,0,0,0,0,0,igual
ACQ83112505,pending,LG,0,0,0,0,0,0,0,0,0,0,igual
ACQ83112506,pending,LG,0,0,0,0,0,0,0,0,0,0,igual
ACQ83112507,pending,LG,0,0,0,0,0,0,0,0,0,0,igual
ACQ83112512,pending,LG,0,0,0,0,0,0,0,0,0,0,igual
ACQ83112513,pending,LG,0,0,0,0,0,0,0,0,0,0,igual
ACQ85448512,pending,LG,0,0,0,0,0,0,0,0,0,0,igual
ACQ85448513,pending,LG,0,0,0,0,0,0,0,0,0,0,igual
ACQ86045303,pending,LG,0,0,0,0,0,0,0,0,0,0,igual
ACQ86045304,pending,LG,0,0,0,0,0,0,0,0,0,0,igual
ACQ86045305,pending,LG,0,0,0,0,0,0,0,0,0,0,igual
ACQ86045309,pending,LG,0,0,0,0,0,0,0,0,0,0,igual
ACQ86045312,pending,LG,0,0,0,0,0,0,0,0,0,0,igual
ACQ86045314,pending,LG,0,0,0,0,0,0,0,0,0,0,igual
ACQ86350309,pending,LG,0,0,0,0,0,0,0,0,0,0,igual
ACQ87420601,pending,LG,0,0,0,0,0,0,0,0,0,0,igual
ACQ87420603,pending,LG,0,1,1,1,0,0,0,0,0,1,diferencia
ACQ87420604,pending,LG,0,0,0,0,0,0,0,0,0,0,igual
ACQ87420606,pending,LG,0,40,40,40,0,0,0,0,0,40,diferencia
ACQ87420613,pending,LG,0,0,0,0,0,0,0,0,0,0,igual
ACQ87420614,pending,LG,0,0,0,0,0,0,0,0,0,0,igual
ACQ87420615,pending,LG,0,0,0,0,0,0,0,0,0,0,igual
ACQ87420616,pending,LG,0,0,0,0,0,0,0,0,0,0,igual
ACQ87420620,pending,LG,0,5,5,5,0,0,0,0,0,5,diferencia
ACQ87420621,pending,LG,0,23,23,23,0,0,0,0,0,23,diferencia
ACQ87420622,pending,LG,0,0,0,0,0,0,0,0,0,0,igual
ACQ87420623,pending,LG,0,0,0,0,0,0,0,0,0,0,igual
ACQ87420624,pending,LG,0,0,0,0,0,0,0,0,0,0,igual
ACQ91411409,RAPTOR,LG,-600,144,744,144,-373,0,0,254,27,371,diferencia
ACQ91411410,RAPTOR,LG,0,54,54,54,0,0,0,0,0,54,diferencia
ACQ91482409,RAPTOR,LG,0,45,45,45,-39,0,39,0,0,6,diferencia
ACQ91482410,RAPTOR,LG,0,156,156,156,0,0,0,0,0,156,diferencia
ACQ91482411,RAPTOR,LG,0,39,39,39,0,0,0,0,0,39,diferencia
ACQ91482452,RAPTOR,LG,0,2,2,2,0,0,0,0,0,2,diferencia
ACQ91482459,RAPTOR,LG,0,2,2,2,0,0,0,0,0,2,diferencia
ACQ91482463,pending,LG,0,0,0,0,0,0,0,0,0,0,igual
ACQ91482464,pending,LG,0,12,12,12,0,0,0,0,0,12,diferencia
ACQ91482466,MAJESTY,LG,0,0,0,0,0,0,0,0,0,0,igual
ACQ91482467,MAJESTY,LG,0,110,110,110,0,0,0,0,0,110,diferencia
ACQ91482468,MAJESTY,LG,0,2,2,2,0,0,0,0,0,2,diferencia
ACQ91482469,MAJESTY,LG,0,14,14,14,0,0,0,0,0,14,diferencia
ACQ91482470,MAJESTY,LG,0,2,2,2,0,0,0,0,0,2,diferencia
ACQ91482471,MAJESTY,LG,0,134,134,134,0,0,0,0,0,134,diferencia
ACQ91482472,MAJESTY,LG,0,6,6,6,0,0,0,0,0,6,diferencia
ACQ91482473,MAJESTY,LG,0,0,0,0,0,0,0,0,0,0,igual
ACQ91482474,MAJESTY,LG,0,10,10,10,0,0,0,0,0,10,diferencia
ACQ91482475,MAJESTY,LG,0,0,0,0,0,0,0,0,0,0,igual
ACQ91482475-2,pending,LG,0,0,0,0,0,0,0,0,0,0,igual
ACQ91482476,MAJESTY,LG,-51,24,75,24,-41,0,0,10,0,34,diferencia
ACQ91482480,MAJESTY,LG,1,31,30,31,1,0,0,0,0,31,diferencia
ACQ91482482,pending,LG,0,1,1,1,0,0,0,0,0,1,diferencia
ACQ91482483,MAJESTY,LG,0,0,0,0,0,0,0,0,0,0,igual
ACQ91482484,MAJESTY,LG,-28,83,111,83,-19,0,1,10,0,92,diferencia
ACQ91482486,RAPTOR,LG,0,162,162,162,0,0,0,0,0,162,diferencia
ACQ91482495,pending,LG,0,0,0,0,0,0,0,0,0,0,igual
ACQ91482496,pending,LG,-262,370,632,370,-489,420,810,176,13,143,diferencia
ACQ91482497,pending,LG,0,0,0,0,0,0,0,0,0,0,igual
ACQ91482498,pending,LG,0,23,23,23,0,0,0,0,0,23,diferencia
ACQ91482499,pending,LG,16,210,194,210,28,6,0,12,6,222,diferencia
AJJ30036901,pending,LG,950,950,0,950,258,0,692,0,0,258,igual
AJJ30036902,pending,LG,41,42,1,42,41,0,0,0,0,42,diferencia
AJJ30036903,pending,LG,0,1,1,1,0,0,0,0,0,1,diferencia
AJJ30036904,Oven,LG,40,40,0,40,40,0,0,0,0,40,igual
CINTAS COTTON,pending,LG,0,0,0,0,0,0,0,0,0,0,igual
CINTAS COTTON DELGADO,pending,LG,0,0,0,0,0,0,0,0,0,0,igual
EAD00576601,pending,LG,-60,94,154,94,-60,0,0,0,0,94,diferencia
EAD00576601-M,pending,LG,0,903,903,903,0,0,0,0,0,903,diferencia
EAD00576602,pending,LG,-65,30,95,30,-65,0,0,0,0,30,diferencia
EAD00576602-M,pending,LG,0,3294,3294,3294,0,0,0,0,0,3294,diferencia
EAD00576603,pending,LG,501,260,-241,260,501,0,0,0,0,260,diferencia
EAD00576603-M,pending,LG,0,168,168,168,0,0,0,0,0,168,diferencia
EAD00576604,pending,LG,701,282,-419,282,521,330,510,0,0,102,diferencia
EAD00576604-M,pending,LG,0,1036,1036,1036,-390,0,390,0,0,646,diferencia
EAD00576605,pending,LG,80,65,-15,65,80,0,0,0,0,65,diferencia
EAD00576605-M,pending,LG,0,750,750,750,0,0,0,0,0,750,diferencia
EAD00576606,pending,LG,0,0,0,0,0,0,0,0,0,0,igual
EAD00576606-M,VF,LG,0,5,5,5,0,0,0,0,0,5,diferencia
EAD00576607,pending,LG,0,0,0,0,0,0,0,0,0,0,igual
EAD00576607-M,VF,LG,0,3,3,3,0,0,0,0,0,3,diferencia
EAD00576608,pending,LG,0,46,46,46,0,0,0,0,0,46,diferencia
EAD00576608-M,pending,LG,0,1161,1161,1161,0,0,0,0,0,1161,diferencia
EAD00576609,pending,LG,0,10,10,10,0,0,0,0,0,10,diferencia
EAD00576609-M,pending,LG,0,5845,5845,5845,0,0,0,0,0,5845,diferencia
EAD00576610,pending,LG,2835,459,-2376,459,2674,1568,1729,0,0,298,diferencia
EAD00576610-M,pending,LG,0,9220,9220,9220,-516,0,516,0,0,8704,diferencia
EAD00576611,pending,LG,360,97,-263,97,353,602,609,0,0,90,diferencia
EAD00576611-M,pending,LG,0,2961,2961,2961,-690,0,690,0,0,2271,diferencia
EAD00576612,pending,LG,0,0,0,0,0,0,0,0,0,0,igual
EAD00576612-M,VF,LG,0,15,15,15,0,0,0,0,0,15,diferencia
EAD00576613,pending,LG,20,20,0,20,23,105,102,0,0,23,igual
EAD00576613-M,VF,LG,0,491,491,491,-105,0,105,0,0,386,diferencia
EAD00576619,VF,LG,0,0,0,0,0,0,0,0,0,0,igual
EAD00576619-M,VF,LG,0,0,0,0,0,0,0,0,0,0,igual
EAD00576620,VF,LG,0,0,0,0,0,0,0,0,0,0,igual
EAD00576620-M,VF,LG,0,37,37,37,0,0,0,0,0,37,diferencia
EAD00576621,VF,LG,0,0,0,0,0,0,0,0,0,0,igual
EAD00576621-M,VF,LG,0,37,37,37,0,0,0,0,0,37,diferencia
EAD59672201,pending,LG,0,0,0,0,0,0,0,0,0,0,igual
EAD60703961,pending,LG,0,1447,1447,1447,0,0,0,0,0,1447,diferencia
EAD60704031,pending,LG,-1600,4600,6200,4600,-2400,0,800,0,0,3800,diferencia
EAD60726101,pending,LG,0,0,0,0,0,0,0,0,0,0,igual
EAD60951706,pending,LG,0,0,0,0,0,0,0,0,0,0,igual
EAD60951707,pending,LG,0,0,0,0,0,0,0,0,0,0,igual
EAD61045502,pending,LG,0,0,0,0,0,0,0,0,0,0,igual
EAD61211603,pending,LG,0,0,0,0,0,0,0,0,0,0,igual
EAD61305811,pending,LG,0,0,0,0,0,0,0,0,0,0,igual
EAD62469107,pending,LG,0,0,0,0,0,0,0,0,0,0,igual
EAD62469113,pending,LG,-2250,6118,8368,6118,-780,0,250,1720,0,7588,diferencia
EAD62487410,pending,LG,0,0,0,0,0,0,0,0,0,0,igual
EAD62487413,pending,LG,0,0,0,0,0,0,0,0,0,0,igual
EAD62765409,pending,LG,0,0,0,0,0,0,0,0,0,0,igual
EAD63027401,pending,LG,0,0,0,0,0,0,0,0,0,0,igual
EAD63050441,pending,LG,0,3500,3500,3500,0,0,0,0,0,3500,diferencia
EAD63050450,pending,LG,0,4320,4320,4320,-2850,0,2850,0,0,1470,diferencia
EAD63766801,pending,LG,0,0,0,0,0,0,0,0,0,0,igual
EAD63766803,pending,LG,0,0,0,0,0,0,0,0,0,0,igual
EAD63766805,pending,LG,0,0,0,0,0,0,0,0,0,0,igual
EAD63766808,pending,LG,0,0,0,0,0,0,0,0,0,0,igual
EAD63766811,pending,LG,0,0,0,0,0,0,0,0,0,0,igual
EAD63766814,pending,LG,0,0,0,0,0,0,0,0,0,0,igual
EAD63766819,pending,LG,0,0,0,0,0,0,0,0,0,0,igual
EAD63766822,pending,LG,0,0,0,0,0,0,0,0,0,0,igual
EAD63766901,pending,LG,0,0,0,0,0,0,0,0,0,0,igual
EAD63766902,pending,LG,0,0,0,0,0,0,0,0,0,0,igual
EAD63766906,pending,LG,0,0,0,0,0,0,0,0,0,0,igual
EAD63766908,pending,LG,0,0,0,0,0,0,0,0,0,0,igual
EAD63766909,pending,LG,0,0,0,0,0,0,0,0,0,0,igual
EAD63766913,pending,LG,0,0,0,0,0,0,0,0,0,0,igual
EAD63766914,pending,LG,0,0,0,0,0,0,0,0,0,0,igual
EAD63767003,pending,LG,0,0,0,0,0,0,0,0,0,0,igual
EAD63767005,pending,LG,0,0,0,0,0,0,0,0,0,0,igual
EAD63767006,pending,LG,0,0,0,0,0,0,0,0,0,0,igual
EAD63767011,pending,LG,0,0,0,0,0,0,0,0,0,0,igual
EAD63767014,pending,LG,0,0,0,0,0,0,0,0,0,0,igual
EAD63767016,pending,LG,0,0,0,0,0,0,0,0,0,0,igual
EAD63767022,pending,LG,0,0,0,0,0,0,0,0,0,0,igual
EAD63767024,pending,LG,0,0,0,0,0,0,0,0,0,0,igual
EAD63767025,pending,LG,0,0,0,0,0,0,0,0,0,0,igual
EAD63767027,pending,LG,0,0,0,0,0,0,0,0,0,0,igual
EAD63767029,pending,LG,0,0,0,0,0,0,0,0,0,0,igual
EAD63767030,pending,LG,0,0,0,0,0,0,0,0,0,0,igual
EAD63767101,pending,LG,0,0,0,0,0,0,0,0,0,0,igual
EAD63767102,pending,LG,0,0,0,0,0,0,0,0,0,0,igual
EAD63767103,pending,LG,0,5,5,5,0,0,0,0,0,5,diferencia
EAD63767106,pending,LG,0,0,0,0,0,0,0,0,0,0,igual
EAD63767109,pending,LG,0,0,0,0,0,0,0,0,0,0,igual
EAD63767110,pending,LG,0,0,0,0,0,0,0,0,0,0,igual
EAD63767112,pending,LG,0,0,0,0,0,0,0,0,0,0,igual
EAD63767819,pending,LG,0,0,0,0,0,0,0,0,0,0,igual
EAD63850103,pending,LG,0,0,0,0,0,0,0,0,0,0,igual
EAD63911331,pending,LG,0,0,0,0,0,0,0,0,0,0,igual
EAD63911408,pending,LG,0,0,0,0,0,0,0,0,0,0,igual
EAD63911604,pending,LG,0,0,0,0,0,0,0,0,0,0,igual
EAD63911605,pending,LG,0,0,0,0,0,0,0,0,0,0,igual
EAD63954201,pending,LG,0,0,0,0,0,0,0,0,0,0,igual
EAD64168627,pending,LG,0,8,8,8,0,0,0,0,0,8,diferencia
EAD64168633,pending,LG,0,0,0,0,0,0,0,0,0,0,igual
EAD65345135,pending,LG,0,0,0,0,0,0,0,0,0,0,igual
EAD65345155,pending,LG,0,5189,5189,5189,0,0,0,0,0,5189,diferencia
EAD65345165,pending,LG,0,8004,8004,8004,-7001,0,7001,0,0,1003,diferencia
EAD65568412,pending,LG,-4500,9516,14016,9516,-8000,0,3500,0,0,6016,diferencia
EAD65894102,pending,LG,0,0,0,0,0,0,0,0,0,0,igual
EAD65894103,pending,LG,0,0,0,0,0,0,0,0,0,0,igual
EAD65894104,pending,LG,0,0,0,0,0,0,0,0,0,0,igual
EAD65894105,pending,LG,0,0,0,0,0,0,0,0,0,0,igual
EAD65894107,pending,LG,0,0,0,0,0,0,0,0,0,0,igual
EAD65894108,pending,LG,0,0,0,0,0,0,0,0,0,0,igual
EAD65894109,pending,LG,0,0,0,0,0,0,0,0,0,0,igual
EAD65894110,pending,LG,0,0,0,0,0,0,0,0,0,0,igual
EAD65894111,pending,LG,0,0,0,0,0,0,0,0,0,0,igual
EAD65894112,pending,LG,0,0,0,0,0,0,0,0,0,0,igual
EAD65894113,pending,LG,0,0,0,0,0,0,0,0,0,0,igual
EAD65894114,pending,LG,0,0,0,0,0,0,0,0,0,0,igual
EAD65894115,pending,LG,0,0,0,0,0,0,0,0,0,0,igual
EAD65894116,pending,LG,0,0,0,0,0,0,0,0,0,0,igual
EAD65894118,pending,LG,0,0,0,0,0,0,0,0,0,0,igual
EAD65894119,pending,LG,0,0,0,0,0,0,0,0,0,0,igual
EAD65894120,pending,LG,0,0,0,0,0,0,0,0,0,0,igual
EAD65894121,pending,LG,0,0,0,0,0,0,0,0,0,0,igual
EAD65894122,pending,LG,0,0,0,0,0,0,0,0,0,0,igual
EAD65894123,pending,LG,0,0,0,0,0,0,0,0,0,0,igual
EAD65894124,pending,LG,0,0,0,0,0,0,0,0,0,0,igual
EAD65894301,pending,LG,0,0,0,0,0,0,0,0,0,0,igual
EAD65894302,pending,LG,0,0,0,0,0,0,0,0,0,0,igual
EAD65894303,pending,LG,0,0,0,0,0,0,0,0,0,0,igual
EAD65894304,pending,LG,0,0,0,0,0,0,0,0,0,0,igual
EAD65894305,pending,LG,0,0,0,0,0,0,0,0,0,0,igual
EAD65894306,pending,LG,0,0,0,0,0,0,0,0,0,0,igual
EAD65894308,pending,LG,0,0,0,0,0,0,0,0,0,0,igual
EAD65894309,pending,LG,0,0,0,0,0,0,0,0,0,0,igual
EAD65894310,pending,LG,0,0,0,0,0,0,0,0,0,0,igual
EAD65894311,pending,LG,0,0,0,0,0,0,0,0,0,0,igual
EAD65894312,pending,LG,-600,10832,11432,10832,-5800,0,5200,0,0,5632,diferencia
EAD65894313,pending,LG,0,2906,2906,2906,0,0,0,0,0,2906,diferencia
EAD65894314,pending,LG,0,14415,14415,14415,0,0,0,0,0,14415,diferencia
EAD65894315,pending,LG,0,4036,4036,4036,-400,0,400,0,0,3636,diferencia
EAD65894316,pending,LG,-600,5500,6100,5500,-3900,0,3300,0,0,2200,diferencia
EAD65894317,pending,LG,0,3621,3621,3621,-200,0,200,0,0,3421,diferencia
EAD65894318,pending,LG,0,0,0,0,0,0,0,0,0,0,igual
EAD65894319,pending,LG,0,0,0,0,0,0,0,0,0,0,igual
EAD65894320,pending,LG,0,0,0,0,0,0,0,0,0,0,igual
EAD65894321,pending,LG,0,0,0,0,0,0,0,0,0,0,igual
EAD65894322,pending,LG,0,705,705,705,0,0,0,0,0,705,diferencia
EAD65894323,pending,LG,0,707,707,707,0,0,0,0,0,707,diferencia
EAD65894324,pending,LG,0,43,43,43,0,0,0,0,0,43,diferencia
EAD65894325,pending,LG,0,3900,3900,3900,-200,0,200,0,0,3700,diferencia
EAD65894325 ECO27,pending,LG,0,2147,2147,2147,0,0,0,0,0,2147,diferencia
EAD65894326,pending,LG,0,2200,2200,2200,0,0,0,0,0,2200,diferencia
EAD65948102,pending,LG,0,0,0,0,0,0,0,0,0,0,igual
EAD65948103,pending,LG,0,0,0,0,0,0,0,0,0,0,igual
EAD65948111,pending,LG,0,0,0,0,0,0,0,0,0,0,igual
EAD65948112,pending,LG,0,0,0,0,0,0,0,0,0,0,igual
EAD65948120,pending,LG,0,0,0,0,0,0,0,0,0,0,igual
EAD65948121,pending,LG,0,0,0,0,0,0,0,0,0,0,igual
EAD65948124,pending,LG,0,0,0,0,0,0,0,0,0,0,igual
EAD65948130,pending,LG,0,0,0,0,0,0,0,0,0,0,igual
EAD65948131,pending,LG,0,0,0,0,0,0,0,0,0,0,igual
EAD65948136,pending,LG,0,0,0,0,0,0,0,0,0,0,igual
EAD65948139,pending,LG,0,0,0,0,0,0,0,0,0,0,igual
EAD65948142,pending,LG,0,0,0,0,0,0,0,0,0,0,igual
EAD65948144,pending,LG,0,0,0,0,0,0,0,0,0,0,igual
EAD65948146,pending,LG,0,0,0,0,0,0,0,0,0,0,igual
EAD65948148,pending,LG,2973,574,-2399,574,3818,2675,1830,0,0,1419,diferencia
EAD65948149,pending,LG,0,0,0,0,-5,35,40,0,0,-5,igual
EAD65948153,pending,LG,44,0,-44,0,134,240,150,0,0,90,diferencia
EAD65948155,pending,LG,0,0,0,0,0,0,0,0,0,0,igual
EAD65967601,pending,LG,0,0,0,0,0,0,0,0,0,0,igual
EAD65967607,pending,LG,0,0,0,0,0,0,0,0,0,0,igual
EAD65967608,pending,LG,0,0,0,0,0,0,0,0,0,0,igual
EAD65967613,pending,LG,0,0,0,0,0,0,0,0,0,0,igual
EAD65967616,pending,LG,0,0,0,0,0,0,0,0,0,0,igual
EAD65967617,pending,LG,0,0,0,0,0,0,0,0,0,0,igual
EAD65967618,pending,LG,0,0,0,0,0,0,0,0,0,0,igual
EAD65967619,pending,LG,0,0,0,0,0,0,0,0,0,0,igual
EAD65967620,pending,LG,0,0,0,0,0,0,0,0,0,0,igual
EAD65967623,pending,LG,0,0,0,0,0,0,0,0,0,0,igual
EAD65967624,pending,LG,0,11642,11642,11642,-2640,0,2640,0,0,9002,diferencia
EAD65967625,pending,LG,0,0,0,0,-35,0,35,0,0,-35,igual
EAD65967628,pending,LG,0,0,0,0,0,0,0,0,0,0,igual
EAD65967630,pending,LG,0,0,0,0,0,0,0,0,0,0,igual
EAD65967632,pending,LG,0,2362,2362,2362,-240,0,240,0,0,2122,diferencia
EAV48995113,pending,LG,0,0,0,0,0,0,0,0,0,0,igual
EAV60892208,pending,LG,0,0,0,0,0,0,0,0,0,0,igual
EAV60892209,pending,LG,0,0,0,0,0,0,0,0,0,0,igual
EAV61472001,pending,LG,0,0,0,0,0,0,0,0,0,0,igual
EAV61472002,pending,LG,0,0,0,0,0,0,0,0,0,0,igual
EAV61472005,pending,LG,0,0,0,0,0,0,0,0,0,0,igual
EAV61572003,pending,LG,0,0,0,0,0,0,0,0,0,0,igual
EAV61573112,pending,LG,0,0,0,0,0,0,0,0,0,0,igual
EAV61652805,pending,LG,0,0,0,0,0,0,0,0,0,0,igual
EAV61875814,pending,LG,0,0,0,0,0,0,0,0,0,0,igual
EAV62073401,pending,LG,0,0,0,0,0,0,0,0,0,0,igual
EAV62074702,pending,LG,-2160,129600,131760,129600,-8640,0,6480,0,0,123120,diferencia
EAV63332113,pending,LG,-1320,62040,63360,62040,-5280,0,3960,0,0,58080,diferencia
EAV63613204,pending,LG,-9240,66000,75240,66000,-13200,0,3960,0,0,62040,diferencia
EAV63613206,pending,LG,0,0,0,0,0,0,0,0,0,0,igual
EAV64632103,pending,LG,-2880,28800,31680,28800,-5040,0,2160,0,0,26640,diferencia
EAV64632105,pending,LG,0,0,0,0,0,0,0,0,0,0,igual
EAV64632106,pending,LG,0,0,0,0,0,0,0,0,0,0,igual
EAV64632107-1,pending,LG,-1440,20816,22256,20816,-4320,0,2880,0,0,17936,diferencia
EAV64632116,pending,LG,0,0,0,0,0,0,0,0,0,0,igual
EAV64632123,pending,LG,-5280,42900,48180,42900,-15840,0,10560,0,0,32340,diferencia
EBR23966201,VF,LG,-1,38,39,38,1,1,0,2,1,40,diferencia
EBR23966202,VF,LG,-51,166,217,166,1,1,0,52,1,218,diferencia
EBR23966204,VF,LG,0,88,88,88,0,0,0,0,0,88,diferencia
EBR23966205,VF,LG,0,3,3,3,0,0,0,0,0,3,diferencia
EBR23966206,VF1 Q,LG,-40,91,131,91,-40,0,0,0,0,91,diferencia
EBR23966207,VF1_Better_X,LG,-141,188,329,188,180,621,500,200,0,509,diferencia
EBR23966208,pending,LG,-20,180,200,180,-20,0,0,0,0,180,diferencia
EBR23966209,VF1_Better_B_100V,LG,-186,71,257,71,-173,0,0,16,3,84,diferencia
EBR23966210,VF1_Better_B_DI_100V,LG,-95,101,196,101,45,50,5,100,5,241,diferencia
EBR23966211,VF3_W_USA,LG,-879,295,1174,295,-1035,1455,1625,28,14,139,diferencia
EBR23966212,VF3_Better_L_USA,LG,-185,67,252,67,-256,651,722,0,0,-4,diferencia
EBR23966213,VF3_Better_L_Single_USA,LG,-290,64,354,64,-316,1008,1048,18,4,38,diferencia
EBR23966214,pending,LG,33,38,5,38,68,152,122,10,5,73,diferencia
EBR23966221,VF1_Better_L_MN,LG,-181,74,255,74,128,128,0,182,1,383,diferencia
EBR24212301,NOVA,LG,0,96,96,96,0,0,0,0,0,96,diferencia
EBR24212302,NOVA,LG,760,176,-584,176,584,585,761,0,0,0,diferencia
EBR24212302-D,pending,LG,0,0,0,0,0,0,0,0,0,0,igual
EBR24212303,NOVA,LG,0,111,111,111,0,0,0,0,0,111,diferencia
EBR24212304,NOVA,LG,1802,106,-1696,106,1701,1259,1360,0,0,5,diferencia
EBR24212306,MM Nova Basic Gas,LG,2408,625,-1783,625,2297,1508,1680,122,61,514,diferencia
EBR25036820,pending,LG,16,16,0,16,16,0,0,0,0,16,igual
EBR25080701,pending,LG,0,0,0,0,0,0,0,0,0,0,igual
EBR30299301,RAPTOR,LG,30,30,0,30,0,0,30,0,0,0,igual
EBR30299302,RAPTOR,LG,25,0,-25,0,25,0,0,0,0,0,diferencia
EBR30299303,QUANTUM-B,LG,9,9,0,9,0,0,9,0,0,0,igual
EBR30299304,RAPTOR,LG,0,0,0,0,0,0,0,0,0,0,igual
EBR30299305,QUANTUM-B,LG,0,260,260,260,0,0,0,0,0,260,diferencia
EBR30299306,RAPTOR,LG,5,0,-5,0,5,0,0,0,0,0,diferencia
EBR30299307,RAPTOR,LG,0,29,29,29,0,0,0,0,0,29,diferencia
EBR30299308,RAPTOR,LG,0,61,61,61,0,0,0,0,0,61,diferencia
EBR30299309,QUANTUM-B,LG,0,41,41,41,0,0,0,0,0,41,diferencia
EBR30299310,RAPTOR,LG,0,57,57,57,0,0,0,0,0,57,diferencia
EBR30299311,RAPTOR,LG,0,91,91,91,0,0,0,0,0,91,diferencia
EBR30299312,RAPTOR,LG,0,0,0,0,0,0,0,0,0,0,igual
EBR30299317,pending,LG,0,5,5,5,0,0,0,0,0,5,diferencia
EBR30299351,RAPTOR,LG,0,52,52,52,0,0,0,0,0,52,diferencia
EBR30299352,RAPTOR,LG,0,19,19,19,0,0,0,0,0,19,diferencia
EBR30299353,RAPTOR,LG,0,12,12,12,0,0,0,0,0,12,diferencia
EBR30299354,QUANTUM-B,LG,0,6,6,6,0,0,0,0,0,6,diferencia
EBR30299355,RAPTOR,LG,-241,115,356,115,-214,245,220,4,2,142,diferencia
EBR30299356,QUANTUM-B,LG,0,131,131,131,0,0,0,0,0,131,diferencia
EBR30299357,QUANTUM-B,LG,5,117,112,117,302,297,0,0,0,414,diferencia
EBR30299358,QUANTUM-B,LG,0,100,100,100,218,518,300,0,0,318,diferencia
EBR30299359,RAPTOR,LG,0,3,3,3,0,0,0,0,0,3,diferencia
EBR30299360,QUANTUM-B,LG,0,64,64,64,0,0,0,0,0,64,diferencia
EBR30299361,QUANTUM-B,LG,4,187,183,187,164,160,0,0,0,347,diferencia
EBR30299362,RAPTOR,LG,-106,331,437,331,-328,8,260,40,10,109,diferencia
EBR30299363,RAPTOR,LG,-507,84,591,84,-127,2216,1840,8,4,464,diferencia
EBR30299364,RAPTOR,LG,0,228,228,228,-147,253,400,0,0,81,diferencia
EBR30299365,RAPTOR,LG,-51,114,165,114,-91,0,40,0,0,74,diferencia
EBR30299366,RAPTOR,LG,248,439,191,439,-53,295,656,60,0,138,diferencia
EBR30299367,QUANTUM-B,LG,0,62,62,62,0,0,0,0,0,62,diferencia
EBR30299368,pending,LG,-40,50,90,50,-40,0,0,0,0,50,diferencia
EBR30299369,pending,LG,-5,17,22,17,5,5,0,5,0,27,diferencia
EBR30299370,pending,LG,0,0,0,0,100,520,420,0,0,100,igual
EBR31600151,P-VEYRON,LG,0,274,274,274,0,0,0,0,0,274,diferencia
EBR31600152,B-VEYRON,LG,0,176,176,176,0,0,0,0,0,176,diferencia
EBR31600153,B-VEYRON,LG,0,28,28,28,0,0,0,0,0,28,diferencia
EBR31600155,B-VEYRON,LG,0,0,0,0,0,0,0,0,0,0,igual
EBR31600157,B-VEYRON,LG,0,0,0,0,0,0,0,0,0,0,igual
EBR31600159,B-VEYRON,LG,0,295,295,295,0,0,0,0,0,295,diferencia
EBR31600160,P-VEYRON,LG,0,0,0,0,0,0,0,0,0,0,igual
EBR31600161,P-VEYRON,LG,0,8,8,8,0,0,0,0,0,8,diferencia
EBR31600162,P-VEYRON,LG,0,221,221,221,0,0,0,0,0,221,diferencia
EBR31600163,P-VEYRON,LG,0,0,0,0,0,0,0,0,0,0,igual
EBR31600164,P-VEYRON,LG,0,0,0,0,0,0,0,0,0,0,igual
EBR31600165,P-VEYRON,LG,0,0,0,0,0,0,0,0,0,0,igual
EBR31600166,P-VEYRON,LG,0,0,0,0,0,0,0,0,0,0,igual
EBR31737820,NULL,LG,0,155,155,155,0,0,0,0,0,155,diferencia
EBR32165750,P-VEYRON,LG,0,61,61,61,0,0,0,0,0,61,diferencia
EBR32165758,P-VEYRON,LG,0,0,0,0,0,0,0,0,0,0,igual
EBR32165760,B-VEYRON,LG,0,0,0,0,0,0,0,0,0,0,igual
EBR32165762,B-VEYRON,LG,0,0,0,0,0,0,0,0,0,0,igual
EBR32766630,VS,LG,0,0,0,0,0,0,0,0,0,0,igual
EBR32766634,VS,LG,0,0,0,0,0,0,0,0,0,0,igual
EBR32766642,RAPTOR,LG,0,0,0,0,0,0,0,0,0,0,igual
EBR32766663,VF,LG,0,0,0,0,0,0,0,0,0,0,igual
EBR32766666,VF,LG,0,0,0,0,0,0,0,0,0,0,igual
EBR32766676,pending,LG,0,0,0,0,0,0,0,0,0,0,igual
EBR32766677,pending,LG,0,0,0,0,0,0,0,0,0,0,igual
EBR32881201,VS,LG,0,0,0,0,0,0,0,0,0,0,igual
EBR32881202,VS,LG,0,8,8,8,-8,0,8,0,0,0,diferencia
EBR32881203,VS,LG,0,0,0,0,0,0,0,0,0,0,igual
EBR32881204,VS,LG,0,0,0,0,0,0,0,0,0,0,igual
EBR32881205,VS,LG,0,78,78,78,0,0,0,0,0,78,diferencia
EBR32881206,VS,LG,0,49,49,49,0,0,0,0,0,49,diferencia
EBR32881207,VS,LG,0,23,23,23,0,0,0,0,0,23,diferencia
EBR32881208,VS,LG,0,0,0,0,0,0,0,0,0,0,igual
EBR32881209,VS,LG,0,0,0,0,0,0,0,0,0,0,igual
EBR32881210,VS,LG,0,28,28,28,-28,0,28,0,0,0,diferencia
EBR32881211,VS,LG,0,12,12,12,0,0,0,0,0,12,diferencia
EBR32881213,VS,LG,0,0,0,0,0,0,0,0,0,0,igual
EBR32881214,VS,LG,0,0,0,0,0,0,0,0,0,0,igual
EBR32881215,VS,LG,0,18,18,18,0,0,0,0,0,18,diferencia
EBR32881216,VS,LG,0,0,0,0,0,0,0,0,0,0,igual
EBR32881217,VS,LG,0,0,0,0,0,0,0,0,0,0,igual
EBR32881218,VS,LG,0,135,135,135,0,0,0,0,0,135,diferencia
EBR32881219,VS,LG,0,0,0,0,0,0,0,0,0,0,igual
EBR32881221,VS,LG,0,0,0,0,0,0,0,0,0,0,igual
EBR32881222,VS,LG,0,0,0,0,0,0,0,0,0,0,igual
EBR32881223,VS,LG,0,0,0,0,0,0,0,0,0,0,igual
EBR32881224,VS,LG,0,10,10,10,0,0,0,0,0,10,diferencia
EBR32881225,VS,LG,0,0,0,0,0,0,0,0,0,0,igual
EBR32881226,VS,LG,0,0,0,0,0,0,0,0,0,0,igual
EBR32881228,VS,LG,0,0,0,0,0,0,0,0,0,0,igual
EBR32881301-0,pending,LG,0,0,0,0,0,0,0,0,0,0,igual
EBR33105301,TF,LG,0,0,0,0,0,0,0,0,0,0,igual
EBR33105305,VT,LG,0,64,64,64,0,0,0,0,0,64,diferencia
EBR33105306,VT,LG,0,14,14,14,0,0,0,0,0,14,diferencia
EBR33105505,VT,LG,-665,403,1068,403,-965,100,450,60,10,103,diferencia
EBR33105509,VT,LG,0,25,25,25,0,0,0,0,0,25,diferencia
EBR33828702,VT,LG,0,0,0,0,0,0,0,0,0,0,igual
EBR33828703,VT,LG,-12,70,82,70,22,22,10,24,2,104,diferencia
EBR37437001,VS,LG,0,0,0,0,0,0,0,0,0,0,igual
EBR37437002,VS,LG,0,0,0,0,0,0,0,0,0,0,igual
EBR37437003,VS,LG,0,0,0,0,0,0,0,0,0,0,igual
EBR37437004,VS,LG,0,35,35,35,0,0,0,0,0,35,diferencia
EBR37437005,VS,LG,0,0,0,0,0,0,0,0,0,0,igual
EBR37437006,VS,LG,0,16,16,16,-16,0,16,0,0,0,diferencia
EBR37437007,VS,LG,0,19,19,19,0,0,0,0,0,19,diferencia
EBR37437008,VS,LG,0,32,32,32,0,0,0,0,0,32,diferencia
EBR37437009,VS,LG,0,0,0,0,0,0,0,0,0,0,igual
EBR37437010,VS,LG,0,0,0,0,0,0,0,0,0,0,igual
EBR37437011,VS,LG,0,6,6,6,0,0,0,0,0,6,diferencia
EBR37437012,VS,LG,0,66,66,66,0,0,0,0,0,66,diferencia
EBR37437013,VS,LG,0,0,0,0,0,0,0,0,0,0,igual
EBR37437014,VS,LG,0,28,28,28,0,0,0,0,0,28,diferencia
EBR37437015,VS,LG,0,38,38,38,0,0,0,0,0,38,diferencia
EBR37437016,VS,LG,0,0,0,0,0,0,0,0,0,0,igual
EBR37437017,VS,LG,0,0,0,0,0,0,0,0,0,0,igual
EBR37437018,VS,LG,0,57,57,57,0,0,0,0,0,57,diferencia
EBR37437019,VS,LG,0,0,0,0,0,0,0,0,0,0,igual
EBR37437020,VS,LG,0,9,9,9,0,0,0,0,0,9,diferencia
EBR37437021,VS,LG,0,17,17,17,0,0,0,0,0,17,diferencia
EBR37437022,VS,LG,0,1,1,1,0,0,0,0,0,1,diferencia
EBR37437023,VS,LG,0,0,0,0,0,0,0,0,0,0,igual
EBR37437024,VS,LG,0,1,1,1,0,0,0,0,0,1,diferencia
EBR37437025,VS,LG,0,0,0,0,0,0,0,0,0,0,igual
EBR37437026,VS,LG,0,6,6,6,0,0,0,0,0,6,diferencia
EBR37437027,VS,LG,0,1,1,1,0,0,0,0,0,1,diferencia
EBR37437028,VS,LG,0,31,31,31,0,0,0,0,0,31,diferencia
EBR37437029,VS,LG,0,110,110,110,0,0,0,0,0,110,diferencia
EBR37437031,VS,LG,3,27,24,27,3,0,0,0,0,27,diferencia
EBR37437032,VS,LG,-10,225,235,225,-170,0,160,0,0,65,diferencia
EBR37437033,VS,LG,0,96,96,96,-40,0,40,0,0,56,diferencia
EBR37437034,VS,LG,0,71,71,71,0,0,0,0,0,71,diferencia
EBR37437035,VS,LG,0,51,51,51,0,0,0,0,0,51,diferencia
EBR37437051,VS,LG,0,77,77,77,0,0,0,0,0,77,diferencia
EBR37437052,VS,LG,0,0,0,0,0,0,0,0,0,0,igual
EBR37437053,VS,LG,0,6,6,6,0,0,0,0,0,6,diferencia
EBR37437054,VS,LG,0,15,15,15,0,0,0,0,0,15,diferencia
EBR37437055,VS,LG,0,11,11,11,0,0,0,0,0,11,diferencia
EBR37437056,VS,LG,0,0,0,0,0,0,0,0,0,0,igual
EBR37437057,VS,LG,0,49,49,49,0,0,0,0,0,49,diferencia
EBR37437058,VS,LG,0,0,0,0,0,0,0,0,0,0,igual
EBR37437059,VS,LG,-10,56,66,56,-2,168,170,10,0,64,diferencia
EBR37437060,VS,LG,0,19,19,19,0,0,0,0,0,19,diferencia
EBR37437062,VS,LG,0,0,0,0,0,0,0,0,0,0,igual
EBR37437063,VS,LG,0,0,0,0,0,0,0,0,0,0,igual
EBR37437064,VS,LG,0,162,162,162,0,0,0,0,0,162,diferencia
EBR37437065,VS,LG,0,5,5,5,0,0,0,0,0,5,diferencia
EBR37437066,VS,LG,0,62,62,62,0,0,0,0,0,62,diferencia
EBR37437067,VS,LG,0,52,52,52,0,0,0,0,0,52,diferencia
EBR37437068,VS,LG,0,38,38,38,0,0,0,0,0,38,diferencia
EBR37437069,pending,LG,-50,49,99,49,-50,0,0,0,0,49,diferencia
EBR37437070,pending,LG,0,53,53,53,-50,120,170,0,0,3,diferencia
EBR37437071,VS4 X NP Mexico_Cleaning time,LG,0,95,95,95,-60,0,60,0,0,35,diferencia
EBR37437072,24 VS6M J NP SINGLE I/MAKER MEXICO,LG,-17,143,160,143,43,30,0,30,0,203,diferencia
EBR37437073,pending,LG,-20,7,27,7,20,20,0,20,0,47,diferencia
EBR37437074,24 VS4M B MEXICO,LG,0,81,81,81,0,0,0,0,0,81,diferencia
EBR37437075,pending,LG,0,41,41,41,-40,0,40,0,0,1,diferencia
EBR37437076,pending,LG,-5,165,170,165,-35,0,30,0,0,135,diferencia
EBR37437077,24 VS4M X DUAL I/MAKER MEXICO,LG,-82,134,216,134,-102,0,20,0,0,114,diferencia
EBR37437078,24 VS4M L CRAFT DUAL I/MAKER AMERICA,LG,-608,27,635,27,-511,758,664,6,3,124,diferencia
EBR37437079,24 VS4M G P DUAL I/MAKER AMERICA,LG,-198,255,453,255,237,1797,1363,2,1,690,diferencia
EBR37437080,pending,LG,0,65,65,65,0,0,0,0,0,65,diferencia
EBR37437081,VS6M B MEXICO,LG,0,313,313,313,0,0,0,0,0,313,diferencia
EBR37437082,VS6M Q MEXICO,LG,0,82,82,82,-80,149,229,0,0,2,diferencia
EBR37437083,VS4L MEXICO,LG,-2,9,11,9,-11,0,9,0,0,0,diferencia
EBR37437084,pending,LG,0,2,2,2,0,0,0,0,0,2,diferencia
EBR37437099,pending,LG,0,5,5,5,0,0,0,0,0,5,diferencia
EBR37438504,pending,LG,0,0,0,0,0,0,0,0,0,0,igual
EBR37438506,pending,LG,0,0,0,0,0,0,0,0,0,0,igual
EBR37438507,pending,LG,0,0,0,0,0,0,0,0,0,0,igual
EBR37438508,pending,LG,0,0,0,0,0,0,0,0,0,0,igual
EBR37438509,pending,LG,0,0,0,0,0,0,0,0,0,0,igual
EBR37438701,pending,LG,0,0,0,0,0,0,0,0,0,0,igual
EBR41039101,RAPTOR,LG,0,384,384,384,0,0,0,0,0,384,diferencia
EBR41039102,RAPTOR,LG,0,0,0,0,0,0,0,0,0,0,igual
EBR41039103,RAPTOR,LG,0,0,0,0,0,0,0,0,0,0,igual
EBR41039104,RAPTOR,LG,0,0,0,0,0,0,0,0,0,0,igual
EBR41039115,QUANTUM-B,LG,0,0,0,0,0,0,0,0,0,0,igual
EBR41039117,RAPTOR,LG,15,65,50,65,15,0,0,0,0,65,diferencia
EBR41039118,RAPTOR,LG,0,61,61,61,0,0,0,0,0,61,diferencia
EBR41039119,RAPTOR,LG,-583,443,1026,443,-754,49,320,100,0,272,diferencia
EBR41039120,RAPTOR,LG,-245,31,276,31,-212,13,0,20,0,64,diferencia
EBR41039121,RAPTOR,LG,0,30,30,30,0,0,0,0,0,30,diferencia
EBR41039122,pending,LG,-27,79,106,79,219,126,0,120,0,325,diferencia
EBR41039123,Raptor2 Q Mexico,LG,-40,69,109,69,-40,0,0,0,0,69,diferencia
EBR41039124,Raptor2 Q DI Mexico,LG,-352,45,397,45,-318,13,0,22,1,79,diferencia
EBR41039152,MAJESTY,LG,-88,55,143,55,52,607,560,106,13,195,diferencia
EBR41039153,MAJESTY,LG,20,60,40,60,0,0,20,0,0,40,diferencia
EBR41039154,MAJESTY,LG,0,86,86,86,0,0,0,0,0,86,diferencia
EBR41531314,pending,LG,0,0,0,0,0,0,0,0,0,0,igual
EBR41956103,pending,LG,0,0,0,0,0,0,0,0,0,0,igual
EBR41956108,pending,LG,0,0,0,0,0,0,0,0,0,0,igual
EBR42005001,LUPIN,LG,1187,112,-1075,112,1667,480,0,0,0,592,diferencia
EBR42005002,LUPIN,LG,0,0,0,0,0,0,0,0,0,0,igual
EBR42005003,LUPIN,LG,0,0,0,0,0,0,0,0,0,0,igual
EBR42005004,LUPIN,LG,0,0,0,0,0,0,0,0,0,0,igual
EBR42005101,LUPIN,LG,38,0,-38,0,38,0,0,0,0,0,diferencia
EBR42005102,LUPIN,LG,0,0,0,0,0,0,0,0,0,0,igual
EBR42478902,pending,LG,0,0,0,0,0,0,0,0,0,0,igual
EBR42479302,pending,LG,0,0,0,0,0,0,0,0,0,0,igual
EBR42479311,pending,LG,0,0,0,0,0,0,0,0,0,0,igual
EBR42479312,pending,LG,0,0,0,0,0,0,0,0,0,0,igual
EBR42479313,pending,LG,0,0,0,0,0,0,0,0,0,0,igual
EBR42687009,NULL,LG,0,136,136,136,0,0,0,0,0,136,diferencia
EBR42712301,pending,LG,0,0,0,0,0,0,0,0,0,0,igual
EBR42712302,pending,LG,0,0,0,0,0,0,0,0,0,0,igual
EBR42712303,pending,LG,0,0,0,0,0,0,0,0,0,0,igual
EBR42712304,pending,LG,0,0,0,0,0,0,0,0,0,0,igual
EBR42712505,LUPIN,LG,40,16,-24,16,40,0,0,0,0,16,diferencia
EBR42712506,Basic Main,LG,80,34,-46,34,80,0,0,0,0,34,diferencia
EBR42712603,LUPIN,LG,0,15,15,15,0,0,0,0,0,15,diferencia
EBR43273201,pending,LG,0,0,0,0,0,0,0,0,0,0,igual
EBR43273205,pending,LG,0,0,0,0,0,0,0,0,0,0,igual
EBR43713601,LUPIN,LG,0,170,170,170,0,0,0,0,0,170,diferencia
EBR43713602,LUPIN,LG,206,225,19,225,66,0,140,0,0,85,diferencia
EBR43713603,LUPIN,LG,189,35,-154,35,189,0,0,0,0,35,diferencia
EBR43713604,LUPIN,LG,-82,134,216,134,-82,0,0,0,0,134,diferencia
EBR43713605,MM Cancun Best Gas Slide in LSGL5847X,LG,134,102,-32,102,43,80,171,0,0,11,diferencia
EBR43713606,MM Cancun Better Gas Slide in LSGL5845X,LG,276,470,194,470,-70,34,380,0,0,124,diferencia
EBR43713607,LUPIN,LG,0,11,11,11,0,0,0,0,0,11,diferencia
EBR43713608,LUPIN,LG,64,142,78,142,32,88,120,0,0,110,diferencia
EBR43713701,(ì˜¤ë¸)MM Lupin2 Good Elec Slide in LSEL6333X POWER,LG,0,20,20,20,0,0,0,0,0,20,diferencia
EBR43713702,(ì˜¤ë¸)MM Lupin2 Good Gas Slide in LSGL5833X POWER,LG,120,0,-120,0,120,0,0,0,0,0,diferencia
EBR43713703,pending,LG,0,0,0,0,0,0,0,0,0,0,igual
EBR44599301,LUPIN,LG,-211,184,395,184,-211,0,0,0,0,184,diferencia
EBR44599302,LUPIN,LG,0,0,0,0,0,0,0,0,0,0,igual
EBR44599401,LUPIN,LG,89,67,-22,67,89,0,0,0,0,67,diferencia
EBR44599402,LUPIN,LG,0,0,0,0,0,0,0,0,0,0,igual
EBR49498866,RAPTOR,LG,0,0,0,0,0,0,0,0,0,0,igual
EBR49498867,pending,LG,0,0,0,0,0,0,0,0,0,0,igual
EBR49498879,pending,LG,0,0,0,0,0,0,0,0,0,0,igual
EBR49498880,pending,LG,0,0,0,0,0,0,0,0,0,0,igual
EBR49498881,pending,LG,0,5,5,5,0,0,0,0,0,5,diferencia
EBR49498905,pending,LG,0,0,0,0,0,0,0,0,0,0,igual
EBR49498917,RAPTOR,LG,0,0,0,0,0,0,0,0,0,0,igual
EBR58010501,pending,LG,0,0,0,0,0,0,0,0,0,0,igual
EBR59400502,pending,LG,-2400,24567,26967,24567,-9642,0,7242,0,0,17325,diferencia
EBR59400503,pending,LG,-800,9800,10600,9800,-1400,0,600,0,0,9200,diferencia
EBR60388502,pending,LG,0,0,0,0,0,0,0,0,0,0,igual
EBR60388509,pending,LG,0,0,0,0,0,0,0,0,0,0,igual
EBR60388544,pending,LG,0,7200,7200,7200,0,0,0,0,0,7200,diferencia
EBR60969302,pending,LG,0,0,0,0,0,0,0,0,0,0,igual
EBR61365901,pending,LG,0,0,0,0,0,0,0,0,0,0,igual
EBR61365902,pending,LG,0,0,0,0,0,0,0,0,0,0,igual
EBR61439203,pending,LG,0,0,0,0,0,0,0,0,0,0,igual
EBR61439204,pending,LG,0,0,0,0,0,0,0,0,0,0,igual
EBR61439205,pending,LG,0,0,0,0,0,0,0,0,0,0,igual
EBR61439206,pending,LG,0,0,0,0,0,0,0,0,0,0,igual
EBR61526801,pending,LG,0,0,0,0,0,0,0,0,0,0,igual
EBR61526802,pending,LG,0,0,0,0,0,0,0,0,0,0,igual
EBR61526803,pending,LG,0,0,0,0,0,0,0,0,0,0,igual
EBR61526804,pending,LG,0,0,0,0,0,0,0,0,0,0,igual
EBR61526805,pending,LG,0,0,0,0,0,0,0,0,0,0,igual
EBR62357901,pending,LG,0,0,0,0,0,0,0,0,0,0,igual
EBR64110557,pending,LG,0,0,0,0,0,0,0,0,0,0,igual
EBR64110562,pending,LG,0,2,2,2,0,0,0,0,0,2,diferencia
EBR64110563,pending,LG,0,0,0,0,0,0,0,0,0,0,igual
EBR64110565,pending,LG,0,0,0,0,0,0,0,0,0,0,igual
EBR64264102,pending,LG,0,0,0,0,0,0,0,0,0,0,igual
EBR64264104,pending,LG,0,0,0,0,0,0,0,0,0,0,igual
EBR64264105,pending,LG,0,0,0,0,0,0,0,0,0,0,igual
EBR64264106,pending,LG,0,0,0,0,0,0,0,0,0,0,igual
EBR64264107,pending,LG,0,0,0,0,0,0,0,0,0,0,igual
EBR64264108,pending,LG,0,0,0,0,0,0,0,0,0,0,igual
EBR64264112,pending,LG,0,0,0,0,0,0,0,0,0,0,igual
EBR64264113,pending,LG,0,0,0,0,0,0,0,0,0,0,igual
EBR64264124,pending,LG,0,0,0,0,0,0,0,0,0,0,igual
EBR64264201,pending,LG,0,0,0,0,0,0,0,0,0,0,igual
EBR64585301,pending,LG,0,19,19,19,0,0,0,0,0,19,diferencia
EBR64624605,pending,LG,0,0,0,0,0,0,0,0,0,0,igual
EBR64624901,pending,LG,0,0,0,0,0,0,0,0,0,0,igual
EBR64624903,pending,LG,0,0,0,0,0,0,0,0,0,0,igual
EBR64624907,pending,LG,0,0,0,0,0,0,0,0,0,0,igual
EBR64730401,pending,LG,0,0,0,0,0,0,0,0,0,0,igual
EBR64730402,pending,LG,0,0,0,0,0,0,0,0,0,0,igual
EBR64730408,pending,LG,-2400,95749,98149,95749,-25802,0,23402,0,0,72347,diferencia
EBR64730409,pending,LG,0,4800,4800,4800,0,0,0,0,0,4800,diferencia
EBR64734405,pending,LG,0,0,0,0,0,0,0,0,0,0,igual
EBR65002716,pending,LG,0,0,0,0,0,0,0,0,0,0,igual
EBR65002718,pending,LG,0,0,0,0,0,0,0,0,0,0,igual
EBR67109401,pending,LG,0,0,0,0,0,0,0,0,0,0,igual
EBR67109402,pending,LG,0,0,0,0,0,0,0,0,0,0,igual
EBR71261602,pending,LG,0,0,0,0,0,0,0,0,0,0,igual
EBR72822702,pending,LG,0,0,0,0,0,0,0,0,0,0,igual
EBR72822703,pending,LG,0,0,0,0,0,0,0,0,0,0,igual
EBR72822704,pending,LG,0,0,0,0,0,0,0,0,0,0,igual
EBR72822801,pending,LG,0,0,0,0,0,0,0,0,0,0,igual
EBR73821006,pending,LG,0,0,0,0,0,0,0,0,0,0,igual
EBR74164810,pending,LG,0,0,0,0,0,0,0,0,0,0,igual
EBR75857502,pending,LG,0,0,0,0,0,0,0,0,0,0,igual
EBR75857503,pending,LG,0,0,0,0,0,0,0,0,0,0,igual
EBR75857504,pending,LG,0,0,0,0,0,0,0,0,0,0,igual
EBR75857505,pending,LG,0,0,0,0,0,0,0,0,0,0,igual
EBR76111001,pending,LG,0,0,0,0,0,0,0,0,0,0,igual
EBR76111002,pending,LG,0,0,0,0,0,0,0,0,0,0,igual
EBR76332902,pending,LG,0,0,0,0,0,0,0,0,0,0,igual
EBR76664501,pending,LG,0,0,0,0,0,0,0,0,0,0,igual
EBR76664502,pending,LG,0,0,0,0,0,0,0,0,0,0,igual
EBR76664503,pending,LG,0,0,0,0,0,0,0,0,0,0,igual
EBR76683901,QUANTUM-B,LG,0,0,0,0,0,0,0,0,0,0,igual
EBR76683902,QUANTUM-B,LG,0,0,0,0,0,0,0,0,0,0,igual
EBR76683903,QUANTUM-B,LG,0,0,0,0,0,0,0,0,0,0,igual
EBR76683906,QUANTUM-B,LG,0,0,0,0,0,0,0,0,0,0,igual
EBR76683907,RAPTOR,LG,0,0,0,0,0,0,0,0,0,0,igual
EBR76683909,QUANTUM-B,LG,0,0,0,0,0,0,0,0,0,0,igual
EBR76683911,QUANTUM-B,LG,0,0,0,0,0,0,0,0,0,0,igual
EBR76683912,QUANTUM-B,LG,0,0,0,0,0,0,0,0,0,0,igual
EBR76683913,RAPTOR,LG,0,0,0,0,0,0,0,0,0,0,igual
EBR76683914,RAPTOR,LG,0,0,0,0,0,0,0,0,0,0,igual
EBR76683915,RAPTOR,LG,0,0,0,0,0,0,0,0,0,0,igual
EBR76683916,RAPTOR,LG,0,0,0,0,0,0,0,0,0,0,igual
EBR76683917,RAPTOR,LG,0,0,0,0,0,0,0,0,0,0,igual
EBR76683918,pending,LG,0,0,0,0,0,0,0,0,0,0,igual
EBR77042513,pending,LG,0,0,0,0,0,0,0,0,0,0,igual
EBR77042519,pending,LG,0,0,0,0,0,0,0,0,0,0,igual
EBR77042521,pending,LG,0,0,0,0,0,0,0,0,0,0,igual
EBR77042522,pending,LG,0,0,0,0,0,0,0,0,0,0,igual
EBR77042527,pending,LG,0,0,0,0,0,0,0,0,0,0,igual
EBR77042539,pending,LG,0,0,0,0,0,0,0,0,0,0,igual
EBR77042543,pending,LG,0,0,0,0,0,0,0,0,0,0,igual
EBR77042544,pending,LG,0,0,0,0,0,0,0,0,0,0,igual
EBR77042545,pending,LG,0,0,0,0,0,0,0,0,0,0,igual
EBR77678704,pending,LG,0,0,0,0,0,0,0,0,0,0,igual
EBR77678707,pending,LG,0,0,0,0,0,0,0,0,0,0,igual
EBR77678709,pending,LG,0,0,0,0,0,0,0,0,0,0,igual
EBR77678710,pending,LG,0,0,0,0,0,0,0,0,0,0,igual
EBR77678901,pending,LG,-3540,15294,18834,15294,-4500,0,960,0,0,14334,diferencia
EBR78249601,pending,LG,0,0,0,0,0,0,0,0,0,0,igual
EBR78931702,pending,LG,0,0,0,0,0,0,0,0,0,0,igual
EBR78931708,pending,LG,0,0,0,0,0,0,0,0,0,0,igual
EBR79329401,SABER,LG,0,0,0,0,0,0,0,0,0,0,igual
EBR79329402,pending,LG,0,0,0,0,0,0,0,0,0,0,igual
EBR79329404,SABER,LG,0,0,0,0,0,0,0,0,0,0,igual
EBR79344204,pending,LG,0,0,0,0,0,0,0,0,0,0,igual
EBR79344230,2ND 10K 100V,LG,0,0,0,0,0,0,0,0,0,0,igual
EBR79344234,pending,LG,0,0,0,0,0,0,0,0,0,0,igual
EBR79344235,2ND 10K,LG,0,0,0,0,0,0,0,0,0,0,igual
EBR79344238,OMEGA 6,LG,0,0,0,0,0,0,0,0,0,0,igual
EBR79649219,pending,LG,0,0,0,0,0,0,0,0,0,0,igual
EBR79649220,pending,LG,0,0,0,0,0,0,0,0,0,0,igual
EBR80757404,QUANTUM-T,LG,0,16,16,16,0,0,0,0,0,16,diferencia
EBR80757410,QUANTUM-T,LG,0,20,20,20,0,0,0,0,0,20,diferencia
EBR80757411,QUANTUM-T,LG,0,44,44,44,0,0,0,0,0,44,diferencia
EBR80757412,QUANTUM-T,LG,0,0,0,0,0,0,0,0,0,0,igual
EBR80757413,QUANTUM-T,LG,0,24,24,24,0,0,0,0,0,24,diferencia
EBR80757414,QUANTUM-T,LG,0,0,0,0,0,0,0,0,0,0,igual
EBR80757415,QUANTUM-T,LG,0,126,126,126,0,0,0,0,0,126,diferencia
EBR80757417,QUANTUM-T,LG,0,0,0,0,0,0,0,0,0,0,igual
EBR80757418,QUANTUM-T,LG,0,10,10,10,0,0,0,0,0,10,diferencia
EBR80757421,QUANTUM-T,LG,-576,531,1107,531,-1005,2190,2880,262,1,102,diferencia
EBR80757422,QUANTUM-T,LG,-680,360,1040,360,-1000,246,594,36,8,40,diferencia
EBR80757423,QUANTUM-T,LG,0,61,61,61,0,0,0,0,0,61,diferencia
EBR80757424,QUANTUM-T,LG,0,20,20,20,0,0,0,0,0,20,diferencia
EBR80757425,QUANTUM-T,LG,0,58,58,58,0,0,0,0,0,58,diferencia
EBR80757427,QUANTUM-T,LG,0,0,0,0,0,0,0,0,0,0,igual
EBR80757429,QUANTUM-T,LG,0,31,31,31,0,0,0,0,0,31,diferencia
EBR80757431,pending,LG,-385,205,590,205,-556,9,180,0,0,34,diferencia
EBR80757432,Quantum-T 20,LG,-452,109,561,109,-436,3326,3386,92,16,125,diferencia
EBR80757438,pending,LG,1,0,-1,0,10,19,10,0,0,9,diferencia
EBR80860802,19K SANMARTIN MM EXTRA E-MICOM REED BMG089NHMV 100V,LG,0,0,0,0,0,0,0,0,0,0,igual
EBR80860803,19K SANMARTIN MM I-MICOM REED BMG089NHMV 100V,LG,0,0,0,0,0,0,0,0,0,0,igual
EBR80860804,19K SANMARTIN MM EXTRA E-MICOM REED BMG089NHMV 200V,LG,0,0,0,0,0,0,0,0,0,0,igual
EBR80860805,pending,LG,0,0,0,0,0,0,0,0,0,0,igual
EBR80860807,pending,LG,0,0,0,0,0,0,0,0,0,0,igual
EBR80977511,B-VEYRON,LG,0,0,0,0,0,0,0,0,0,0,igual
EBR80977518,B-VEYRON,LG,0,0,0,0,0,0,0,0,0,0,igual
EBR80977519,NULL,LG,0,0,0,0,0,0,0,0,0,0,igual
EBR80977520,BENTLEY,LG,0,91,91,91,0,0,0,0,0,91,diferencia
EBR80977522,BENTLEY DIRECT PWM 200V,LG,0,0,0,0,0,0,0,0,0,0,igual
EBR80977523,pending,LG,0,1,1,1,0,0,0,0,0,1,diferencia
EBR80977527,B-VEYRON,LG,0,13,13,13,0,0,0,0,0,13,diferencia
EBR80977528,BENTLEY DIERCT PWM,LG,0,0,0,0,0,0,0,0,0,0,igual
EBR80977529,B-VEYRON,LG,0,39,39,39,0,0,0,0,0,39,diferencia
EBR80977530,NULL,LG,0,0,0,0,0,0,0,0,0,0,igual
EBR80977533,pending,LG,0,8,8,8,0,0,0,0,0,8,diferencia
EBR80977534,pending,LG,0,0,0,0,0,0,0,0,0,0,igual
EBR80977536,pending,LG,0,3,3,3,0,0,0,0,0,3,diferencia
EBR80977538,B-VEYRON,LG,0,0,0,0,0,0,0,0,0,0,igual
EBR80977541,B-VEYRON,LG,0,0,0,0,0,0,0,0,0,0,igual
EBR81182754,QUANTUM-B,LG,0,0,0,0,0,0,0,0,0,0,igual
EBR81182755,QUANTUM-B,LG,0,0,0,0,0,0,0,0,0,0,igual
EBR81182756,RAPTOR,LG,0,0,0,0,0,0,0,0,0,0,igual
EBR81182757,RAPTOR,LG,0,15,15,15,0,0,0,0,0,15,diferencia
EBR81182758,RAPTOR,LG,0,21,21,21,0,0,0,0,0,21,diferencia
EBR81182766,QUANTUM-B,LG,0,0,0,0,0,0,0,0,0,0,igual
EBR81182767,QUANTUM-B,LG,0,4,4,4,0,0,0,0,0,4,diferencia
EBR81182769,RAPTOR,LG,0,0,0,0,0,0,0,0,0,0,igual
EBR81182770,RAPTOR,LG,0,0,0,0,0,0,0,0,0,0,igual
EBR81182779,RAPTOR,LG,0,0,0,0,0,0,0,0,0,0,igual
EBR81182781,RAPTOR,LG,0,0,0,0,0,0,0,0,0,0,igual
EBR81182782,RAPTOR,LG,0,5,5,5,0,0,0,0,0,5,diferencia
EBR81182783,RAPTOR,LG,0,2,2,2,0,0,0,0,0,2,diferencia
EBR81182784,RAPTOR,LG,0,20,20,20,0,0,0,0,0,20,diferencia
EBR81182785,RAPTOR,LG,0,0,0,0,0,0,0,0,0,0,igual
EBR81182787,RAPTOR,LG,0,0,0,0,0,0,0,0,0,0,igual
EBR81182788,RAPTOR,LG,0,0,0,0,0,0,0,0,0,0,igual
EBR81182789,QUANTUM-B,LG,4,4,0,4,0,0,4,0,0,0,igual
EBR81182790,RAPTOR,LG,1,19,18,19,0,0,1,0,0,18,diferencia
EBR81182791,RAPTOR,LG,0,13,13,13,0,0,0,0,0,13,diferencia
EBR81182792,RAPTOR,LG,0,0,0,0,0,0,0,0,0,0,igual
EBR81182793,RAPTOR,LG,0,1,1,1,0,0,0,0,0,1,diferencia
EBR81182794,RAPTOR,LG,0,16,16,16,0,0,0,0,0,16,diferencia
EBR81182795,RAPTOR,LG,0,0,0,0,0,0,0,0,0,0,igual
EBR81182796,RAPTOR,LG,0,0,0,0,0,0,0,0,0,0,igual
EBR81182797,RAPTOR,LG,0,35,35,35,0,0,0,0,0,35,diferencia
EBR81182798,QUANTUM-B,LG,0,221,221,221,0,0,0,0,0,221,diferencia
EBR81182799,RAPTOR,LG,0,22,22,22,0,0,0,0,0,22,diferencia
EBR81893601,pending,LG,0,0,0,0,0,0,0,0,0,0,igual
EBR81969902,B-VEYRON,LG,0,0,0,0,0,0,0,0,0,0,igual
EBR81969903,B-VEYRON,LG,0,7,7,7,0,0,0,0,0,7,diferencia
EBR81969904,B-VEYRON,LG,0,0,0,0,0,0,0,0,0,0,igual
EBR81969909,B-VEYRON,LG,0,69,69,69,0,0,0,0,0,69,diferencia
EBR82230425,OMEGA 7,LG,0,48,48,48,0,0,0,0,0,48,diferencia
EBR82230426,OMEGA 7,LG,-138,200,338,200,90,1091,1003,140,0,428,diferencia
EBR82230431,OMEGA 7,LG,0,0,0,0,0,0,0,0,0,0,igual
EBR82230432,OMEGA 2,LG,0,0,0,0,0,0,0,0,0,0,igual
EBR82230435,OMEGA 2,LG,0,0,0,0,0,0,0,0,0,0,igual
EBR82230444,OMEGA 2,LG,0,13,13,13,0,0,0,0,0,13,diferencia
EBR82230459,OMEGA 2,LG,0,5,5,5,0,0,0,0,0,5,diferencia
EBR82230460,OMEGA 6,LG,0,3,3,3,0,0,0,0,0,3,diferencia
EBR82230472,OMEGA 2,LG,0,606,606,606,-40,0,40,0,0,566,diferencia
EBR82400801,pending,LG,0,0,0,0,0,0,0,0,0,0,igual
EBR83664831,12K LINEAR CI 200V,LG,0,0,0,0,0,0,0,0,0,0,igual
EBR83664832,12K LINEAR CI 200V,LG,0,44,44,44,0,0,0,0,0,44,diferencia
EBR83664837,OMEGA 6,LG,0,15,15,15,0,0,0,0,0,15,diferencia
EBR83664838,OMEGA 6,LG,0,0,0,0,0,0,0,0,0,0,igual
EBR83664871,OMEGA 2,LG,0,0,0,0,0,0,0,0,0,0,igual
EBR83664885,OMEGA 2,LG,0,0,0,0,0,0,0,0,0,0,igual
EBR83717501,GID COMP 1 TAP,LG,0,0,0,0,0,0,0,0,0,0,igual
EBR83717502,P-VEYRON,LG,0,0,0,0,0,0,0,0,0,0,igual
EBR83717503,P-VEYRON,LG,0,22,22,22,0,0,0,0,0,22,diferencia
EBR83717507,B-VEYRON,LG,0,0,0,0,0,0,0,0,0,0,igual
EBR83717508,B-VEYRON,LG,0,0,0,0,0,0,0,0,0,0,igual
EBR83717509,B-VEYRON,LG,16,16,0,16,16,0,0,0,0,16,igual
EBR83717579,B-VEYRON,LG,0,0,0,0,0,0,0,0,0,0,igual
EBR83845029,MAJESTY,LG,0,9,9,9,0,0,0,0,0,9,diferencia
EBR83845044,MAJESTY,LG,47,258,211,258,-28,220,320,30,5,183,diferencia
EBR83845046,MAJESTY,LG,-70,99,169,99,-15,34,0,22,1,154,diferencia
EBR83845048,MAJESTY,LG,-80,144,224,144,-51,413,480,112,16,173,diferencia
EBR83845049,pending,LG,0,0,0,0,0,0,0,0,0,0,igual
EBR83845050,MAJESTY,LG,0,81,81,81,0,0,0,0,0,81,diferencia
EBR83845051,MAJESTY,LG,0,83,83,83,0,0,0,0,0,83,diferencia
EBR83845083,MAJESTY,LG,0,122,122,122,0,0,0,0,0,122,diferencia
EBR83845086,pending,LG,0,14,14,14,0,0,0,0,0,14,diferencia
EBR83949257,ALPHA 8,LG,0,0,0,0,0,0,0,0,0,0,igual
EBR83949258,ALPHA 8,LG,0,30,30,30,0,0,0,0,0,30,diferencia
EBR83949263,ALPHA (MM),LG,0,0,0,0,0,0,0,0,0,0,igual
EBR84146438,RAPTOR,LG,0,34,34,34,0,0,0,0,0,34,diferencia
EBR84146439,RAPTOR,LG,0,35,35,35,0,0,0,0,0,35,diferencia
EBR84146474,pending,LG,0,0,0,0,0,0,0,0,0,0,igual
EBR84146482,pending,LG,0,0,0,0,0,0,0,0,0,0,igual
EBR85624937,P-VEYRON,LG,0,46,46,46,0,0,0,0,0,46,diferencia
EBR85624938,P-VEYRON,LG,0,0,0,0,0,0,0,0,0,0,igual
EBR85624939,P-VEYRON,LG,0,20,20,20,-20,0,20,0,0,0,diferencia
EBR85624942,P-VEYRON,LG,0,36,36,36,0,0,0,0,0,36,diferencia
EBR85624945,P-VEYRON,LG,10,10,0,10,10,0,0,0,0,10,igual
EBR85624946,P-VEYRON,LG,0,0,0,0,0,0,0,0,0,0,igual
EBR85624947,P-VEYRON,LG,0,70,70,70,0,0,0,0,0,70,diferencia
EBR85624963,P-VEYRON,LG,0,0,0,0,0,0,0,0,0,0,igual
EBR85624972,B-VEYRON,LG,0,0,0,0,0,0,0,0,0,0,igual
EBR85624973,B-VEYRON,LG,0,0,0,0,0,0,0,0,0,0,igual
EBR85624974,B-VEYRON,LG,0,270,270,270,0,0,0,0,0,270,diferencia
EBR85624975,B-VEYRON,LG,0,17,17,17,0,0,0,0,0,17,diferencia
EBR85624976,B-VEYRON,LG,0,106,106,106,0,0,0,0,0,106,diferencia
EBR85624977,B-VEYRON,LG,0,0,0,0,0,0,0,0,0,0,igual
EBR85624979,B-VEYRON,LG,0,79,79,79,0,0,0,0,0,79,diferencia
EBR85624980,B-VEYRON,LG,0,11,11,11,0,0,0,0,0,11,diferencia
EBR85624981,P-VEYRON,LG,0,0,0,0,0,0,0,0,0,0,igual
EBR85624982,P-VEYRON,LG,0,6,6,6,0,0,0,0,0,6,diferencia
EBR85624988,P-VEYRON,LG,0,0,0,0,0,0,0,0,0,0,igual
EBR85856021,MAJESTY,LG,0,0,0,0,0,0,0,0,0,0,igual
EBR85856022,MAJESTY,LG,0,0,0,0,0,0,0,0,0,0,igual
EBR85856023,MAJESTY,LG,0,0,0,0,0,0,0,0,0,0,igual
EBR85856024,MAJESTY,LG,0,0,0,0,0,0,0,0,0,0,igual
EBR85856026,MAJESTY,LG,0,0,0,0,0,0,0,0,0,0,igual
EBR85856056,pending,LG,0,0,0,0,0,0,0,0,0,0,igual
EBR86093706,Majesty1 L CRAFT ICE 3D USA MN,LG,0,75,75,75,0,0,0,0,0,75,diferencia
EBR86093707,Majesty1 L CRAFT ICE 4D USA MN,LG,5,275,270,275,5,0,0,0,0,275,diferencia
EBR86093740,Majesty3 GID External Water,LG,0,71,71,71,0,0,0,0,0,71,diferencia
EBR86093754,MAJESTY,LG,3,73,70,73,3,0,0,0,0,73,diferencia
EBR86093755,MAJESTY,LG,0,136,136,136,0,0,0,0,0,136,diferencia
EBR86093756,pending,LG,0,0,0,0,0,0,0,0,0,0,igual
EBR86093757,MAJESTY,LG,0,49,49,49,0,0,0,0,0,49,diferencia
EBR86093759,pending,LG,0,46,46,46,0,0,0,0,0,46,diferencia
EBR86093768,pending,LG,0,0,0,0,0,0,0,0,0,0,igual
EBR86093769,pending,LG,0,0,0,0,0,0,0,0,0,0,igual
EBR86093790,pending,LG,0,47,47,47,0,0,0,0,0,47,diferencia
EBR86093797,pending,LG,0,0,0,0,0,0,0,0,0,0,igual
EBR86093798,Majesty1 L Single DI Colombia 115V,LG,5,118,113,118,43,29,0,18,9,156,diferencia
EBR86093799,pending,LG,0,76,76,76,0,0,0,0,0,76,diferencia
EBR86162641,pending,LG,0,41,41,41,0,0,0,0,0,41,diferencia
EBR86162642,pending,LG,0,15,15,15,0,0,0,0,0,15,diferencia
EBR86162647,pending,LG,0,111,111,111,0,0,0,0,0,111,diferencia
EBR86162648,pending,LG,0,10,10,10,-10,0,10,0,0,0,diferencia
EBR86707405,pending,LG,0,0,0,0,0,0,0,0,0,0,igual
EBR87052407,pending,LG,0,151,151,151,0,0,0,0,0,151,diferencia
EBR87052408,pending,LG,0,229,229,229,0,0,0,0,0,229,diferencia
EBR87052410,pending,LG,0,0,0,0,0,0,0,0,0,0,igual
EBR87145130,pending,LG,0,0,0,0,0,0,0,0,0,0,igual
EBR87145132,pending,LG,0,0,0,0,0,0,0,0,0,0,igual
EBR87145134,pending,LG,0,0,0,0,0,0,0,0,0,0,igual
EBR87145135,pending,LG,0,0,0,0,0,0,0,0,0,0,igual
EBR87145136,pending,LG,0,15,15,15,0,0,0,0,0,15,diferencia
EBR87145137,pending,LG,0,6,6,6,0,0,0,0,0,6,diferencia
EBR87145138,pending,LG,0,2,2,2,0,0,0,0,0,2,diferencia
EBR87145139,pending,LG,0,0,0,0,0,0,0,0,0,0,igual
EBR87145140,pending,LG,0,1,1,1,0,0,0,0,0,1,diferencia
EBR87145141,pending,LG,0,7,7,7,0,0,0,0,0,7,diferencia
EBR87145142,pending,LG,0,1,1,1,0,0,0,0,0,1,diferencia
EBR87145143,pending,LG,0,0,0,0,0,0,0,0,0,0,igual
EBR87145144,pending,LG,0,0,0,0,0,0,0,0,0,0,igual
EBR87145146,pending,LG,0,0,0,0,0,0,0,0,0,0,igual
EBR87145147,pending,LG,0,0,0,0,0,0,0,0,0,0,igual
EBR87145148,pending,LG,0,0,0,0,0,0,0,0,0,0,igual
EBR87145160,pending,LG,0,0,0,0,0,0,0,0,0,0,igual
EBR87145163,pending,LG,0,16,16,16,-16,0,16,0,0,0,diferencia
EBR87145164,pending,LG,0,4,4,4,0,0,0,0,0,4,diferencia
EBR87145165,pending,LG,0,0,0,0,0,0,0,0,0,0,igual
EBR87145167,pending,LG,0,27,27,27,0,0,0,0,0,27,diferencia
EBR87145168,pending,LG,0,0,0,0,0,0,0,0,0,0,igual
EBR87145169,pending,LG,0,0,0,0,0,0,0,0,0,0,igual
EBR87145170,pending,LG,0,6,6,6,0,0,0,0,0,6,diferencia
EBR87145172,pending,LG,0,0,0,0,0,0,0,0,0,0,igual
EBR87145173,pending,LG,0,1,1,1,0,0,0,0,0,1,diferencia
EBR87145177,pending,LG,0,1,1,1,0,0,0,0,0,1,diferencia
EBR87145178,pending,LG,0,6,6,6,0,0,0,0,0,6,diferencia
EBR87145190,pending,LG,0,6,6,6,0,0,0,0,0,6,diferencia
EBR87145191,pending,LG,0,0,0,0,0,0,0,0,0,0,igual
EBR87463701,pending,LG,40,0,-40,0,40,0,0,0,0,0,diferencia
EBR87463702,pending,LG,0,20,20,20,0,0,0,0,0,20,diferencia
EBR87463703,pending,LG,0,1,1,1,0,0,0,0,0,1,diferencia
EBR87463704,pending,LG,0,81,81,81,0,0,0,0,0,81,diferencia
EBR87463707,Raptor2,LG,0,0,0,0,0,0,0,0,0,0,igual
EBR87463708,pending,LG,0,85,85,85,0,0,0,0,0,85,diferencia
EBR87463709,pending,LG,0,30,30,30,0,0,0,0,0,30,diferencia
EBR87463710,pending,LG,0,224,224,224,0,0,0,0,0,224,diferencia
EBR87463711,Raptor7 L Single,LG,0,329,329,329,-329,0,329,0,0,0,diferencia
EBR87463712,pending,LG,0,0,0,0,0,0,0,0,0,0,igual
EBR87463713,pending,LG,0,168,168,168,0,0,0,0,0,168,diferencia
EBR87463714,pending,LG,-100,52,152,52,-85,0,0,30,15,67,diferencia
EBR87463715,Raptor2 L Refresh,LG,-1,175,176,175,253,127,0,134,7,429,diferencia
EBR87463754,pending,LG,0,0,0,0,0,0,0,0,0,0,igual
EBR87463758,pending,LG,0,48,48,48,0,0,0,0,0,48,diferencia
EBR87463759,Majesty1 3D IW Craft,LG,-80,305,385,305,-260,40,260,40,0,125,diferencia
EBR87463760,Majesty1,LG,-309,292,601,292,-472,194,459,104,2,129,diferencia
EBR87463798,pending,LG,0,40,40,40,0,0,0,0,0,40,diferencia
EBR88124618,pending,LG,0,0,0,0,0,0,0,0,0,0,igual
EBR88124626,pending,LG,2,25,23,25,2,0,0,0,0,25,diferencia
EBR88124627,pending,LG,0,10,10,10,0,0,0,0,0,10,diferencia
M156A-0SV100,pending,LG,0,0,0,0,0,0,0,0,0,0,igual
M156A-0TW100,pending,LG,0,0,0,0,0,0,0,0,0,0,igual
M156A-0TX100,pending,LG,0,0,0,0,0,0,0,0,0,0,igual
M156A-0TY100,pending,LG,0,0,0,0,0,0,0,0,0,0,igual
M1662-360100,pending,LG,0,0,0,0,0,0,0,0,0,0,igual
M1662-362100,pending,LG,0,0,0,0,0,0,0,0,0,0,igual
M1662-363100,pending,LG,0,0,0,0,0,0,0,0,0,0,igual
M1662-364100,pending,LG,0,0,0,0,0,0,0,0,0,0,igual
MCK63604311,pending,LG,0,0,0,0,0,0,0,0,0,0,igual
MCR61954801,pending,LG,0,0,0,0,0,0,0,0,0,0,igual
MCR61954803,pending,LG,0,0,0,0,0,0,0,0,0,0,igual
MCR65024642,pending,LG,0,0,0,0,0,0,0,0,0,0,igual
MCR65606202,pending,LG,0,0,0,0,0,0,0,0,0,0,igual
MCR66966279,pending,LG,0,0,0,0,0,0,0,0,0,0,igual
MDR61842101,pending,LG,0,0,0,0,0,0,0,0,0,0,igual
MDS41501228,pending,LG,0,59000,59000,59000,0,0,0,0,0,59000,diferencia
MDS63633952,pending,LG,0,0,0,0,0,0,0,0,0,0,igual
MDS64531211,pending,LG,0,0,0,0,0,0,0,0,0,0,igual
MDS64531226,pending,LG,0,0,0,0,0,0,0,0,0,0,igual
MDS64531228,pending,LG,0,0,0,0,0,0,0,0,0,0,igual
MDS64531235,pending,LG,0,0,0,0,0,0,0,0,0,0,igual
MDS64531236,pending,LG,0,0,0,0,0,0,0,0,0,0,igual
MDS64531243,pending,LG,0,0,0,0,0,0,0,0,0,0,igual
MDS64531254,pending,LG,0,0,0,0,0,0,0,0,0,0,igual
MDS65532979,pending,LG,0,0,0,0,0,0,0,0,0,0,igual
MDS65532980,pending,LG,0,0,0,0,0,0,0,0,0,0,igual
MDS65532981,pending,LG,0,0,0,0,0,0,0,0,0,0,igual
MDS65532982,pending,LG,0,0,0,0,0,0,0,0,0,0,igual
MDS65532983,pending,LG,0,0,0,0,0,0,0,0,0,0,igual
MDS65532985,pending,LG,0,0,0,0,0,0,0,0,0,0,igual
MEU62303505,pending,LG,0,124000,124000,124000,0,0,0,0,0,124000,diferencia
MG 634487-2,pending,LG,0,0,0,0,0,0,0,0,0,0,igual
MJH66259001,pending,LG,0,68550,68550,68550,0,0,0,0,0,68550,diferencia
MJH66272802,pending,LG,0,73000,73000,73000,0,0,0,0,0,73000,diferencia
MJS42627201,pending,LG,0,0,0,0,0,0,0,0,0,0,igual
